,Political and operational stability,Government effectiveness,Regulatory quality,Rule of law,Cost of redudancy dismissal,Policies for doing business,"Entrepreneurship policies and culture
","Expenditure on education, % GDP","Government funding/pupil, secondary, % GDP/cap","School life expectancy, years","PISA scales in reading, maths and science","Pupil-teacher ratio, secondary","Tertiary enrolment, % gross","Graduates in science and engineering, %","Tertiary inbound mobility, %","Researchers, FTE/mn pop.","Gross expenditure on R&D, % GDP","Global corporate R&D investors, top 3, mn US$","QS university ranking, top 3",ICT access,ICT use,Government's online service,E-participation,"Electricity output, GWh/mn pop.",Logistics performance,"Gross capital formation, % GDP",GDP/unit of energy use,Environmental performance,ISO 14001 environmental certificates/bn PPP$ GDP,Finance for startups and scaleups,"Domestic credit to private sector, % GDP","Loans from microfinance institutions, % GDP","Market capitalization, % GDP","Venture capital investors, deals/bn PPP$ GDP","Venture capital recipients, deals/bn PPP$ GDP
","Venture capital received, value, % GDP
","Applied tariff rate, weighted avg., %",Domestic industry diversification,"Domestic market scale, bn PPP$","Knowledge-intensive employment, %","Firms offering formal training, %","GERD performed by business, % GDP","GERD financed by business, %","Females employed w/advanced degrees, %",University-industry R&D collaboration†,State of cluster development and depth†,"GERD financed by abroad, % GDP",Joint venture/strategic alliance deals/bn PPP$ GDP,Patent families/bn PPP$ GDP,"Intellectual property payments, % total trade","High-tech imports, % total trade","ICT services imports, % total trade","FDI net inflows, % GDP","Research talent, % in businesses",Patents by origin/bn PPP$ GDP,PCT patents by origin/bn PPP$ GDP,Utility models by origin/bn PPP$ GDP,Scientific and technical articles/bn PPP$ GDP,Citable documents H-index,"Labor productivity growth, %",New businesses/th pop. 15–64,"Software spending, % GDP",ISO 9001 quality certificates/bn PPP$ GDP,"High-tech manufacturing, %","Intellectual property receipts, % total trade",Production and export complexity,"High-tech exports, % total trade","ICT services exports, % total trade","Intangible asset intensity, top 15, %
","Trademarks by origin/bn PPP$ GDP
","Global brand value, top 5,000, % GDP","Industrial designs by origin/bn PPP$ GDP
","Cultural and creative services exports, % total trade",National feature films/mn pop. 15–69,Entertainment and media market/th pop. 15–69,"Printing and other media, % manufacturing","Creative goods exports, % total trade",Generic top-level domains (TLDs)/th pop. 15–69,Country-code TLDs/th pop. 15–69,GitHub commits/mn pop. 15–69,Mobile app creation/bn PPP$ GDP,Global Innovation Score
Albania,69.1,46.8,50.9,36.8,74.6,37.1,0,21.3,10.3,54.9,35,89.2,37.2,35.9,4.5,0,0,0,0,84.5,58.7,84.1,84.5,9.1,28.4,26.8,46.8,47.1,24.9,0,13.1,5.7,0,0,7.2,2.8,92.9,92.2,0.8,26.2,55,0,0,42.5,50.5,28.9,0,6.1,0,15.7,9.3,30.5,59.5,0,1.1,0,1.1,10.6,2.1,57.1,6.1,10.3,24.1,3.8,11.5,31.3,2.5,13.1,0,22,0,5.6,36.1,8.3,0,100,0.5,6.7,3.5,4.9,0.5,24.4
Algeria,56.4,38.4,12.7,25.8,81.5,43.9,0,57.4,0,54.1,11.3,0,33.5,68,1.4,9.3,9.7,0,0,80.4,57,27.6,15.5,9.2,18.6,65.5,19.7,29.6,2.2,0,9.5,0,0,0,0,2.2,34.3,31.9,11.8,25.4,0,0.7,8.3,26.5,37.1,48.3,0,1.4,0.1,8.7,24.7,8.7,46.7,0.2,2.5,0.3,0,14.5,9.8,49.5,1.3,0.6,2.2,3.9,0.1,17.5,0.3,1.5,0,16.8,0,14.7,0.3,0.9,0.8,4,0.1,0.5,0.1,2.2,0.1,16.7
Angola,61.8,24.3,22.3,21.1,80.5,39.3,24.2,13.1,0,21.5,0,45.1,3.6,8.5,0,0.1,0.4,0,0,41.9,24,48.8,45.2,2.3,0,31.1,35.5,30.5,0.3,25.7,2.9,0.1,0,0,0,0,40.3,16,4.7,14.3,0,0,0,5,18.7,28.1,0,1.5,0,15.5,6,14.1,36.4,0,0.1,0.1,0.8,0,0.4,7.7,0,0,0.9,2.4,0.4,6.7,6,0.4,0,7,0,0,0,0,0,60.6,0.1,0,0.1,0.2,0,13.9
Argentina,63.6,45,30.8,33.9,55.8,12.4,76.2,40.9,26,78.3,24.9,0,63.2,20.1,9.3,14,8.4,0,43.1,90.8,62.2,84.7,85.7,15.5,39.1,23.3,26.4,41.1,8.4,30.5,4.1,0,4.2,1,1.6,9.2,55.5,81.4,23.4,37.5,46.8,3.4,32.7,53.9,38,40.4,8.2,3.3,2,57.2,30.5,52.4,48.2,13.4,7.7,0,4.2,14.7,27.8,33.1,0.7,22.2,16.5,33.6,14.1,35.9,16.9,22.3,83.8,50.3,5.7,8,30,32.5,4.5,0,1.1,3.1,6.3,7.4,6.8,28.6
Armenia,61.8,47,51.2,43.9,90.1,53.3,58.6,16.6,23.4,45.8,0,88,32.3,17.1,15.7,0,3.7,0,0,93.3,62.9,70,75,12.7,26.1,18,27.4,48.3,0.5,30.7,26.3,0,0,2.6,0,0,79.9,64.5,0.8,27.6,29.5,0,20.6,54.6,35.7,42.8,1.8,3.2,2.7,0,23.5,9.5,47.3,0,12.8,1.8,13.6,27.1,9.9,69.9,11.7,11.7,2.1,5.7,0,35.3,12.9,53.5,0,65.3,0,4.6,10.3,0,0,39.8,9,3.1,5.1,8,10.1,26.6
Australia,83.6,84.6,90.3,88.9,92.1,67.1,46.1,45.7,28.9,100,67.3,0,76.2,30.9,69.4,0,33.5,65.6,81.9,88.9,81.8,94.7,96.4,50.5,79.1,31.4,22.7,60.1,14,44.1,54.1,0,40.6,21.4,30.9,20.2,95.4,91.8,31.9,74.3,0,18.7,0,94.2,53.8,55.1,0,58.1,24.8,28.4,35.5,27.8,50.6,0,13.8,24.8,16.2,79.3,69,49.5,58.9,22.2,15.4,31.8,11.5,31,28.5,10.1,81.8,49.7,29.6,12.1,5.8,4.4,54.3,50.7,7.4,61.4,54.8,32.2,12.2,47.1
Austria,83.6,85.3,79.9,93,100,83.4,58.1,46.9,46.9,65.5,64.1,91.7,57,71.4,47.1,66,58.8,57.9,44.3,91,82.5,94.7,97.6,38,92.1,38.1,38.8,66.5,16.4,46,34.7,0,10.7,20.9,16.9,13.7,90.4,99.6,11.8,67.2,50.1,45.2,62,62,62.4,66.9,91.2,11.7,55.5,19.1,21.2,64.3,36.9,76.8,69.5,59.4,13.4,57.4,44.2,44.4,2,48.5,19.1,60.6,20.9,83.2,54.5,28.4,77,41.5,23,33.7,27.1,30.6,58.6,24.3,10.9,35.5,63,29.6,8.2,50.2
Azerbaijan,70.9,46,37.1,28.2,88.7,69.6,0,16.3,20.1,48.4,27.8,95.1,21.6,49.6,6.2,19.8,3.9,0,0,86.2,60.7,70.6,69,12.4,0,19.1,23,38.6,3,0,8.1,0,0,0,0,0,61.6,81,3.3,34,38.2,0.1,38.1,44.4,59.8,60.3,0,2.2,1.9,0,15.9,10.5,49.8,0,5.7,0.4,4.8,6.9,5.3,49.1,5.2,6,4.2,13.8,0,13.7,4.9,3,0,18.6,0,1.3,2.3,1.8,0,18.1,1.3,0.9,1.5,1.9,0.1,21.4
Bahrain,69.1,58.9,60.6,58.8,88.9,77.5,0,9.9,27.9,67.5,0,88.8,38.9,20.3,34,4.1,1.7,0,11.6,94.2,77.2,78.8,77.4,100,40.9,51.9,8.2,42,13.2,0,27,0,24.7,11.9,9.4,7.6,86.9,63.8,1.6,32,0,0.4,26.9,0,39,56.1,2.2,48.1,0.9,0,11.3,6.4,49.6,0.1,1,1.3,0,8.5,4,74.1,12.7,29.6,16,11.7,0,42.5,12.2,22,46.2,1.5,5.4,1.1,0,0,4.7,0,10.2,4.3,0.9,3.1,0.1,27.9
Bangladesh,58.2,32.7,22.4,31.2,54.5,46.4,0,0,5,41.2,0,29.1,13,5.6,0,0,0,0,8.9,76,38.6,61.2,57.1,2.4,24.6,44.7,48.6,23.1,1.1,0,15.7,47,9.6,0,1.6,1.4,28.9,75.1,21.3,9.8,21.8,0,0,3.9,29.4,43,0,3.8,0.1,2.5,22.1,3.6,46.4,0,0.4,0,0,8.7,12.2,90.6,0,15.4,1.1,7.2,0.4,20.9,5.3,6.2,82.2,6.3,1.6,8.1,3.6,0,0,1.9,0.7,0.4,0.1,1.4,1.9,19.7
Belarus,60,34,28.7,20.3,72.9,0,0.8,43.6,68.9,59.8,56.4,91.9,57.1,87.9,15.7,16.7,9.9,0,16.6,89.7,77.7,70.6,75,19.7,24.2,35.7,15.8,48.5,11.8,21.9,10.9,0.2,0.5,0.6,2.9,0.7,88.6,92.1,4.3,63.1,34.9,8.5,55.6,67.6,0,0,13.7,3,3.7,11.6,15.9,21.5,49.4,0,17.2,2,31.6,9,9.8,65,4.5,3.7,97,38.9,9.6,61.1,29.9,53.5,0,17.9,0,4.9,10,0,0,10.4,8.7,1.7,6.5,19.9,52.8,27.5
Belgium,80,73.9,78.7,81.6,76.9,59,0,60.8,41.8,90.1,67.7,92.5,52.6,27.4,26.8,65.9,63.9,66.9,55.1,89.2,77.5,65.9,65.5,37.3,92.6,34.1,27,58.2,10.8,0,27.7,0,28.2,22.8,22.4,16.7,90.4,88.6,14.3,77.2,70.8,51.6,79.5,92.8,68.8,63.7,80.2,21,46,20.4,22.9,51.3,34.9,69.3,42.7,42.7,0,59.7,53.8,45.8,19.2,53.4,12.9,58.5,28.6,70.1,57.6,25.3,82.8,28.1,18.2,14.8,30,22.6,48.2,24.9,11.8,21.4,62.1,39,2.1,46.9
Benin,61.8,44,35.6,27.2,92.8,56.7,0,20.2,6,29.8,0,68.1,4.8,34.4,7.8,0,0,0,0,54.2,27.4,51.2,54.8,0.3,32.6,37.8,16.6,29.6,0.7,0,3.9,29.4,0,0,0,0,36.2,0,0.8,6.1,19.2,0,0,3.8,37.1,34.5,0,5.7,0,0,10.4,52.1,47.7,0,0.6,0,0,18.1,4,0,2.3,4.6,2.3,0,0.1,0,1.4,3,0,0.6,0,0.7,0.1,0,0,0,0.1,0.6,0.1,0.4,0,14.6
Bosnia.and.Herzegovina,63.6,28.7,39.1,38.1,97.6,21.8,38.1,0,62.2,0,28,94,23.4,46.8,17.5,5,3.6,0,0,82.3,56,53.5,60.7,24.2,35.4,25.4,14.2,39.4,100,41.4,20.9,0,0,0,0,0,81.5,97.2,1,25.6,43.7,1.4,44.7,35.1,29.1,39.8,2.7,4.9,0,3.2,16,12.6,49.7,14.3,7.8,4.9,0,22.2,4.7,50.5,4,7.8,59.2,19.3,8.5,58.7,32.6,15.6,52.9,11,0,18.1,5,18.7,0,26.3,4.9,3,3.1,5.9,0.1,28.5
Botswana,80,55.2,55.3,57.5,75.7,61.4,0,89.2,0,0,0,86,15.2,30.5,5.8,2,9.7,0,0,83.4,58.3,36.5,36.9,4.4,0,42.9,40.2,54,1.7,0,13.4,33.5,0,2.9,7.5,0.4,94.8,0,0.7,28.6,0,1.9,21.9,54.2,49.2,48.4,20.1,9.2,0,38.9,21.6,20.8,47,0.9,0.6,1.4,8,19.2,4.7,29.2,74.3,10.6,0.7,0,0.2,23.1,6.1,2.1,43.9,11.7,0,2.2,0,0,0,0,2.1,1,2,0.9,0,23.9
Brazil,65.5,40.1,40.9,41.5,85.3,35.4,12.8,57.3,36.6,62.8,26.9,73.2,35.3,30.6,0.6,10,22.1,46.5,42.5,81.4,62.9,87.1,90.5,14.2,43.7,20.1,26.6,43.6,5.8,40.7,25.5,0.2,22.4,4.4,11,30.8,45.6,94.2,77.2,36.2,0,0,53.8,47.5,40.4,49.8,0,4.7,3.9,45.9,39.1,47.6,51.7,32.3,13,3.6,18.7,26.4,38.6,52.8,11.2,26.4,14.3,49.4,10.5,44,32.5,7.7,84.8,61.3,13.1,8.2,11.4,4.5,6,10.2,1.9,1.6,8.9,8.3,11.5,32.5
Brunei.Darussalam,94.5,80.7,67.8,70.2,100,51.5,0,37.3,41.7,51.5,36.3,97.5,19.3,97.8,9.9,0,4.9,0,23.4,83.3,74,63.5,54.8,56.2,30.7,51.4,14.7,45.7,3.9,0,13.5,0,0,0,0,0,99.9,0,0.5,52.2,0,0,0,39.7,51,48.4,0.1,14,1.3,6.1,12.1,43.8,52.3,0,1.4,0,0,19.5,3.3,0,4,0,6.6,2.9,0,0,5.4,0.7,0,4,0,0.2,0.2,0,0,0,1.6,6.8,1.1,3.8,0.1,22.1
Bulgaria,69.1,48.1,57.9,43.8,98.8,41.5,27.1,33.1,36.9,51.1,37.8,83.9,48,33.9,19.1,27.4,15.5,0,6.8,91.7,71,77.1,89.3,28.4,45.6,22.3,20.1,51.9,77.3,44.1,18.2,0,9,4.7,5.3,0.6,90.4,98.5,3.8,50.6,19.2,11.8,46.5,66.4,50.3,54,55.2,10.5,6.3,14.2,21.2,27.7,51.4,60.1,13.8,4.9,72.8,22.9,15.4,61.8,5.7,20.4,97.2,30.5,10.9,54,48.5,35.2,84,60,0,33.2,36.5,8.9,0,28.7,13.8,24.4,4,16.4,7.9,39.5
Burkina.Faso,50.9,35.3,34.5,35.2,95.1,47.3,14.3,50.4,23.7,18.7,0,60.7,2.6,36.7,5.4,0,4.4,0,0,54.6,21.3,46.5,51.2,0.3,26.5,32.9,19.4,35.5,0.6,19.1,9,29.2,0,0,12.1,0,53.8,0,1,17.9,0,0,0,2.4,30.2,28.7,5.1,2,0,0.3,8.4,37.5,47.4,0,1.5,0,1.9,14.3,4.6,61,1.2,2.4,1.3,0,0.7,19.7,1.9,8.5,0,2.7,0,1.6,4.3,0,0,0,0.1,0.1,0,0,0,15.3
Burundi,49.1,22.6,19.5,11.9,84.4,50,0,44.7,58,29.8,0,50.2,0.6,34.4,12.7,0.1,3.7,0,0,38.1,16.6,35.3,33.3,0,0.5,28.8,0,30.5,2.6,0,6.6,5,0,0,0,0,26.8,0,0,0,35.6,0.4,10.9,0.5,38.6,41,0,0,0,0.3,30.4,28.4,45.4,1.5,1.7,0,7.4,13.6,0.3,0,0,6.4,1.6,3.6,0.1,0,0,5.3,0,1.3,0,1.4,5.4,0,0,0,0.1,0.1,0.1,0.1,0,12.3
C.te.d.Ivoire,67.3,39.4,38,30.5,90,48.3,0,25.5,18.8,29.1,0,46.1,4,0,6.4,0,1.1,0,0,65.2,40.5,45.3,40.5,1.9,47.9,30.8,36.8,32.8,1.4,0,6.1,15.8,5,5.9,14.2,0.4,50.6,0,3.4,7.8,40.4,0,0,3.5,38.5,44.1,0,1.9,0.3,1.5,14.4,44.2,47.3,0,0.9,0,0.3,4.2,5.1,73.3,3.1,1.4,3.8,0,0.4,15.5,18.5,8.2,34.1,4.5,2.5,4.1,2.1,0,0,0,0.3,0.4,0.3,0.3,0,17.8
Cambodia,70.9,40.7,29.6,21.6,77.5,43.8,0,10.1,0,0,0,55.4,7.4,46.4,0,0.2,2,0,0,71.1,54.1,45.3,41.7,2.5,24.6,38.4,21.3,30.1,2,0,53.1,100,0,6.2,15,1.1,59.8,0,1.5,10.2,22.2,0.3,24.1,7,39.1,48.4,7.1,10,0,2.9,5,12.1,70.5,4.9,0.1,0.5,0,6.6,4.7,66.3,2.1,2.5,2.4,0,1.5,29.9,22.9,2.7,0,28.1,0,1.6,0,0,0,0,7.5,1.1,0.1,1.2,4.8,20.5
Cameroon,54.5,30.7,24.5,16.3,76.5,48.3,0,22.1,27,38.9,0,65.2,7,0,7.4,0,0,0,0,41,37.5,47.1,41.7,1.5,25.6,41.8,23.1,30.2,0.9,0,3.6,15.6,0,3.2,4.3,0.3,0,0,2.1,14,43.3,0,0,6.3,41.4,41.4,0,1.9,0.4,0.9,15.4,20.8,49.1,0,3.3,0.8,0.9,24.1,7.1,56.6,0,12.7,1.9,0,2,5.8,4.7,11.9,0,2.7,0,1.7,9.7,0,0,0,0.2,0.2,0.9,0.6,0,15.1
Canada,83.6,85.1,84.8,89,96,66.5,64.3,47.3,29.5,68.2,74.5,90.5,49.6,52.7,43.3,51.8,31.1,64.4,82.1,85.5,75.3,84.1,94,82.7,78.1,32.9,12,50,2.7,49.4,0,0,51.4,56.5,100,64.1,90.4,97.6,45.5,67.6,0,17.6,51.8,64.3,67.9,63,26.6,100,41.6,57,31.6,25,49.5,71.2,18.6,25.8,0,58,80.3,49.8,0.7,62.3,6.2,48.5,32.5,57.9,50.9,14,84,23.7,49.6,2.4,36.1,19.6,57.1,32.9,9.8,86.6,34,44,11.2,50.8
Chile,72.7,71,71.2,73.8,61.6,63.4,57.9,49.4,31,70.5,42.3,69.7,61.6,37.5,1.4,5.7,6.1,0,41.3,92.2,76.2,85.3,85.7,20.6,59.1,29.5,28.8,46.7,13.4,31.9,47,0,28.7,5.2,7.7,8.6,97.2,74.9,11.6,47.9,0,2.3,38.4,40.3,41.4,45.5,3.2,9.4,7.2,51.6,25.5,17.6,51.8,33.6,6.3,6.3,6.7,32.9,24.2,73.7,50,41,16.2,30.8,2.3,36.8,26.9,4.3,66.9,76.7,12.5,1,6.4,13.5,11.9,14.9,1.4,2.1,15,5.4,2.2,34
China,70.9,63.7,42.9,44.5,61.6,71.9,77.3,27,0,0,100,80.8,37.6,0,1.1,18.1,44.1,93.8,86.8,88.1,75.3,90.6,96.4,27.1,72.6,68.3,15.5,28.4,42.9,51.5,69.9,12.7,23.5,12.2,31,48,84,99.9,100,0,100,37.5,95.8,0,70.1,72.6,1.5,6.7,33.1,35.1,85,25.6,48,71.4,100,51.1,100,32.4,64.1,100,35.4,29.6,34.5,64.4,10.8,73.2,90.7,18,89.5,100,42.2,100,13.8,3.8,10.5,15.7,100,2.5,4,1.7,0,55.3
Colombia,61.8,50.6,52.9,33.3,82.8,46.1,43.1,43.4,36.5,54.9,29.1,47,34.7,47.5,0.5,0.8,5.1,0,34.9,85.3,54,76.5,86.9,7,41.4,24.2,47.5,42.4,24.8,29.4,19.2,0,13.8,0.8,5.4,21.9,84.5,85.3,18.1,58.6,77.9,3,66.1,49.2,46.7,50.3,2.6,4.3,2,29.9,47.8,41.5,51.8,2.8,3.9,2.4,5.8,13.7,18.5,76.7,8,16.6,36,25.4,7.2,43.7,24,5.6,60.1,30.8,11.8,3,5.2,5.6,6,31,3.2,2.9,24.6,4.9,2.1,29.2
Costa.Rica,69.1,57.5,56.2,60.9,78.8,60.9,0,64.8,41.5,69.2,33,82.6,37.1,22.8,3,3.8,7,0,11.6,91.3,67,68.2,65.5,10.5,34.4,23.3,49.3,46.3,8.1,0,21.8,0,1.2,2,2.4,0.4,90.2,71,2.3,32.1,0,2.9,2.9,38.4,45.3,52.5,1.4,4.1,2.7,75.3,31.2,28,53,0,0.9,0.9,1.7,13.2,9.9,58.1,14.8,26.7,8.3,17.1,1.4,50.6,49.4,55.1,0,60.8,0,0.5,16.3,5.8,0,30.6,2,11.5,1.4,9.3,2.1,28.7
Croatia,80,59.1,55.8,53.7,85.9,32.1,3.6,31.1,0,59.4,56.2,100,44,64.3,9.3,25.4,22.8,0,5,90,75.8,75.3,89.3,15.9,48.8,36,34.7,60.2,62.3,37.1,21.4,0,13.4,1.3,12.8,25.2,90.4,95.2,2.6,55.5,27.7,12.2,46.5,58,33.2,32.6,45.9,8.9,2.9,26.6,22,35.9,51.8,29.9,9.5,6.2,3.4,57.3,17.3,52.6,18.2,5,57.8,31.7,8.6,62,42.6,28,66.6,34.9,0.9,18.5,42.9,10.6,0,79.6,12.3,14.9,11.8,26.4,8.2,35.6
Cyprus,78.2,68.7,70,61.1,100,59.9,32.8,52.8,72.5,63.1,42.4,96,58.4,12.2,69.6,19.4,15,0,0,98.1,78.3,87.1,95.2,27.1,51.2,29.4,39.6,58,40.1,31.5,41.5,0,6,100,35.9,10.7,90.4,76.8,0.7,58.2,46.1,7.5,45,87.5,44.2,51.5,28.1,57.4,23.9,32.6,7.8,100,100,44.2,14.6,28.4,0,82.7,12.3,49.5,54.8,16.1,54.3,19.9,43.3,49.1,16.6,100,71.7,76.8,0,38.1,14.2,15.5,0,46.6,2.2,73.3,7.1,11.2,100,46.2
Czech.Republic,81.8,70.3,75.9,73.6,75.8,42.1,0,35.4,45.9,67,65.9,85.8,42.6,55.4,38.3,47.3,36.5,0,31.5,89.7,73.8,72.3,72.6,36.6,75.8,38.6,24.5,59.9,57.4,0,18.8,0,3.9,6.6,4.5,6.3,90.4,93.1,10.3,62.4,51.4,24.7,44,45.5,59.1,48.2,100,5.1,14.6,20.3,74.3,30.2,51.6,62.1,15.6,12,65.6,53.2,30.4,58.3,15.5,25.3,60.8,80.2,13.3,83.9,82.9,22.4,0,43.2,8.7,20.4,15.3,42.8,24.2,20.8,100,17.1,54.5,38.5,13.3,42.8
Denmark,90.9,90.4,89.7,94.3,78.7,72.4,0,65.8,35.6,84,68.2,90.8,53.8,45.7,28,88.3,55.7,70.4,58.5,93.2,88.5,97.1,96.4,24.1,90.2,31.3,57.3,77.9,16.9,0,62.4,0,0,37.8,38.1,28.3,90.4,87.9,8.1,75.7,47.3,37.5,73.7,81.2,65.4,60.3,28.1,47.3,64.5,20.5,16.8,78.5,46.4,71,82.5,82.7,6.8,93.3,51.3,51.6,41.3,49.3,16.2,64.1,50.5,67.4,49.3,24.4,94.3,21.8,48.5,39.1,26.8,23.2,72.9,18.6,19.4,49.8,100,37.2,16.7,55.9
Dominican.Republic,70.9,42.6,44.6,39.2,64,53.2,39.1,39.6,17.8,53.4,0,66.8,39.5,6.9,4.5,0,0,0,0,70.6,61.1,76.5,77.4,8.9,28.4,38.7,56.2,42.2,0.8,19.5,9.8,0,0,0,0,0,74.8,0,4.8,21.6,23.9,0,0,31.4,37.2,49,0,1.2,0.9,5.2,23.4,11.8,51.1,0,0.4,0.1,1.4,1,1.9,66.2,6,1.8,2.5,0,0,37.3,34.6,3.8,0,29.6,1.1,0.1,0,0,0,0,27.6,2.5,1.3,2.5,0.2,22.7
Ecuador,56.4,40.3,22.8,31.9,52.9,32.8,27,33.8,3.3,56.1,0,61,30.4,22.8,2,4.4,8,0,5,71.2,51.7,81.2,79.8,8.6,38.6,37.4,32.2,46.5,5.6,25.9,16.6,24.2,0,0,1.1,4.9,59.8,69.9,4.4,16.4,92.5,3.8,0.3,28.7,34.5,37.6,1.9,1.9,0.5,15.2,28.5,13.4,47.3,0,1.3,1.6,5.3,17.1,8.9,35.3,0,19.6,16.1,13.3,0.5,15.6,5.6,2.5,0,47.2,0,1.7,0.6,0,0,21.7,0.4,2,1.1,2.5,0.3,20.3
Egypt,60,38,27.7,36.8,42.9,60.4,29.6,13.9,14.9,49.1,0,74.3,24.1,5.9,4.8,9.5,17.5,0,19.8,81.1,51.1,57.1,51.2,9.4,35.8,17.7,36.8,35.5,3.8,39.6,8.5,4.8,5.3,2.8,9.4,14.8,32.5,95.1,30.9,40,2.7,0.6,4.9,21,47,69.9,0.6,3.5,0.4,11.9,18.9,27.8,50.1,7.4,5.9,0.8,0,27.1,18,75.7,0.8,19.1,3.6,29.2,0,38.2,12.2,13.8,69.8,12.1,2.7,8.5,0,1.5,1.7,16.3,16.9,1.2,0,1.3,0.6,22.7
El.Salvador,65.5,42,44.5,26.3,70.6,29,0,24.8,18.6,41.9,0,43,17.9,41.8,0.9,0.7,3,0,0,71.2,44.5,57.6,67.9,4.5,24.6,18.3,31,40.8,2.4,0,22.3,0,0,4.2,0,0,87.7,0,1.2,16.4,65.3,1.1,39,13.8,29.8,34.8,1.6,1.8,0.6,24.6,28.7,12.1,48.6,0,0.6,0,1.6,1.6,1.6,0,1.6,4.7,8.3,0,1.6,43.9,34.1,19.8,0,41.5,0,1,0.1,0,0,0,7.8,2.5,0.6,2.4,0.2,19.9
Estonia,85.5,78.6,83.3,81.9,90.3,57.9,98,47.4,35,65,78.2,90.7,48.5,60.9,29.6,44,32.9,0,16.9,93,82.2,99.4,100,20.7,58.6,46.5,22.2,61.4,64,55.5,23.4,63.3,0,88.5,100,100,90.4,96.6,1,74.9,47.5,20.1,60.8,90.5,50,48.7,37.5,34.8,17.6,6.8,24.6,100,61.1,50.3,12.3,20.3,16.3,66.5,17.9,74.6,100,13.6,49.3,40,3.5,63.1,62.8,36,60.9,69.6,0,27.8,48.2,51.2,0,47.1,13.5,11.1,46.3,40.2,36.1,50.2
Ethiopia,49.1,37.8,21,35.8,77.9,35.3,0,45,26.1,13.7,0,0,4.4,0,0,0.9,4.9,0,0,36.8,30,36.5,33.3,0.5,0,46.6,10.3,31.8,0,0,0,0,0,0.2,1.4,0.1,21.5,86.8,6.5,3.6,20.3,0.1,1.9,0.7,39.6,37.7,9.1,2.9,0,1.9,29.5,51,50.8,2.3,0.2,0,28.3,23.7,8.6,89.1,1.9,0,0,16.8,0.8,20.1,7.5,7.5,0,1.9,1.1,0,0.2,0,0,46,2.3,0,0,0.2,0,16.3
Finland,85.5,91.7,91.2,100,95.8,71.5,54.7,59.5,39.8,86.3,74.4,82.2,61.5,62.4,21.4,86.4,53.9,74.3,50.1,92.3,86.2,97.1,95.2,61.1,89.3,33.1,19,76.5,35.7,65.5,37.7,0,0,25.1,47.5,42.9,90.4,98.3,6.4,73.3,60.4,40.1,67.2,87.4,67,61.2,74.9,56.8,72,25.6,20.1,100,45.9,72.1,98.1,100,24.1,78.8,42.6,48.2,24.2,42.9,27,59.1,65.6,76.3,44.1,93.8,84.1,30.9,42.7,26.5,12.5,39.7,56.5,20.3,5.9,29.7,40.2,48.2,28.9,56.9
France,76.4,76.6,74.8,80.5,90.1,62,79.5,49.1,45.8,64.2,65.1,80.9,44.5,55.5,24.4,56.5,43.2,84.7,73.5,88.7,85.1,88.2,90.5,38.2,83.3,35.9,33.5,62.5,13.1,48.5,46.2,0,34.7,26.8,47.8,50.4,90.4,95,74.7,73.5,84.6,31.8,70.2,81.9,49.8,57.7,30.6,20.3,50.5,37.3,28.5,55.5,48.6,76.8,60.1,44.2,5.7,35.8,78.6,47.4,21.6,49.6,18.5,69.3,47,72.4,64.6,17.6,99.2,73.8,64.1,70.6,24.6,25.3,48.5,21.2,19,42.2,25.4,28.3,18.1,55
Georgia,67.3,66.7,72.6,53.5,98.8,64.3,0,30.4,0,62.5,21.5,99.3,43.3,30.9,23.2,19.5,5.3,0,0,92.2,65.5,58.8,64.3,14.6,18.1,35.7,27.5,39.1,2,0,29.4,35.6,0,2.8,0,0,98.6,71.7,1.2,36.5,35.6,0,2.1,59.6,45.6,50.2,5,11.1,1.9,11.6,18.1,19.6,56.7,0,11.4,5.8,21.5,20.3,10.2,70.3,30.8,6.9,9.3,13.3,0.4,41.3,16.2,11,0,33.9,3.5,15.9,4.7,16.3,0,34.3,1.3,1.8,5.6,5.4,2.3,27.9
Germany,81.8,79,84.5,86.5,73.2,72.2,67.1,43.9,41.8,72.4,67.9,85.2,48.1,89.1,26.9,61.8,57.8,94,72.2,91.6,79.7,73.5,75,33.9,100,29.6,39.8,62.4,13.5,48.3,31.7,0,19.6,21.4,30.5,30,90.4,97,100,70.8,0,43,79.8,49.1,64.9,68.5,40.5,19.3,67.7,23.6,29.7,49.5,50.6,73.5,100,71.1,44,38.9,87.4,46.6,5.5,45,28.1,75.7,52,90.1,65.5,15.8,90.3,51.8,56.1,72.9,23.2,19,51.7,21.4,26.5,52,84,36.8,8,57.2
Ghana,65.5,46.4,44.9,45.1,17.3,53.5,0,30.8,30.9,38.5,0,77.9,10.1,19.4,2.7,0.9,0,0,0,72.4,50.1,63.5,63.1,3,24.2,22.6,42.2,27.7,2.4,0,2.3,1.4,5,4.2,10.8,4.7,32,85.7,4.2,11.8,46.7,0,0,9.4,44.8,52.8,0,5.3,0,15.8,4.2,10.3,53.2,0,0.5,0.1,0.3,19.8,8.5,61.5,3.4,0.7,1.3,13.3,22.6,21.6,0.8,2.8,0,1.4,0,31.4,54.4,0,0,40.9,0.2,0.6,0,1,0,20.8
Greece,72.7,59.3,58.7,54.4,84.4,41.1,17.1,27.3,37.1,93,48.7,93.6,100,60.4,9.3,45.9,27.4,0,22.4,89.3,75,70.6,78.6,21.1,53.5,14.3,39.4,56.2,34.2,33.8,30.3,0,8.8,5.9,1.7,3.7,90.4,88.7,7.4,47.9,21.4,14.1,49.7,65,32,34.7,37.3,10.2,11.3,10.9,18.8,25.2,49,33.5,13.5,5.4,0.7,60.6,33.8,45.7,7.1,55.2,57.6,23,4,44.8,36,12.2,68.2,0,2.1,22.6,16.3,22.2,22.5,25.6,18.2,13.2,20.4,14.1,4.1,34.5
Guatemala,56.4,34.9,40.6,18.8,62.5,36.5,15.1,23.7,0,28.4,0,84.1,12.5,0.9,0.5,0,0.3,0,0,63.7,24.1,51.2,50,3.5,16.7,16.5,25.7,28,1.3,20.9,12,0,0,2,0,0,89.7,0,3.5,11.4,67.9,0.1,13.7,8.7,39.7,47.6,0,0.8,0,34.4,31.6,34.7,47.6,4,0.4,0.2,1.8,2.1,3.6,55.5,2.3,1.3,3.3,0,3.9,34,26.9,30.7,0,29.1,0,0.2,3,0,0,0,2.9,3.8,0.6,2.2,0,17.8
Guinea,58.2,30.4,24.1,13.3,95.9,41.7,0,10.5,6.8,17.8,0,28.1,2,0,2.4,0,0,0,0,51.2,16.7,21.8,30.9,0,7,19.6,0,31.6,0.7,0,1.3,4.7,0,0,0,0,20.9,0,0.7,8.3,13.8,0,0,7.1,46.9,42.2,0,0,0,0.8,2.9,23.2,48,0,0.8,0,0,3.9,1.7,0,1.7,3.7,0.5,0,0,0.5,0.3,8.6,0,4.7,0,8.8,6.4,0,0,0,0.1,0.1,0,0,0,11.6
Honduras,58.2,36.9,32.6,21.2,55.8,24.2,0,61.5,34.2,22.3,0,77.6,14.8,21.1,2.1,0.2,0.6,0,0,65.3,42.5,46.5,48.8,5.2,25.6,35.7,22.3,36.5,4.7,0,25.4,0,0,3.9,5.6,1.4,78.6,0,1.1,16.2,57,0,12.9,15.7,32.1,42.4,0.2,5.3,0,23.3,20.5,37,52,0,0,0.3,0,3.2,1.6,0,0,20.9,7.8,0,0,28.2,3,13.5,0,22.4,0,0.4,0.4,0,0,0,0.3,0.6,0.3,1.2,0.1,17.3
Hong.Kong,81.8,85.5,89.6,87.3,100,69.7,0,37,42.6,74.2,80.3,87.5,55.6,0,43.2,49.9,18,0,82.9,98.2,83,0,0,23,87,22.6,99.9,0,12.7,0,100,0,100,100,23.9,45.9,100,73.6,10.8,63.8,0,7.9,60.9,52,62.9,66.1,5.5,65,21,7.3,100,5.5,93,43.3,7.4,0,22.8,0,38.4,60.3,79.4,31.9,13.1,30.9,4.6,0,2.5,3.3,0,49.2,100,14.9,3,38.1,48.3,0,100,75.5,11.7,100,37.9,51.8
Hungary,81.8,62.2,57,59.4,89.3,43,37.5,39.6,34.8,59.5,59.3,95,33.5,20.3,33.6,49.9,29.4,51.6,20.1,88.4,71.2,74.7,67.9,17.5,63.7,40.7,30.1,55.1,54.8,43.1,12.9,0,6.9,5.7,6.8,2.6,90.4,93.2,7.9,59.8,31.9,25,65.4,60.3,45.6,48.9,33.4,6,11.1,27.9,47.7,29.5,100,71.4,12.8,6.3,14.9,37.4,29.6,63.5,16.4,24.5,57.7,79.7,34.7,79.9,71.4,16.1,70.2,19.8,3.5,13.9,13.8,12.8,13.8,16.4,97,11,35.3,25.3,5,39.8
Iceland,90.9,82.5,81.1,92.7,90.1,66,0,75,37.8,87.1,60.1,91.8,50.9,29.4,22.5,69.8,45.4,45.9,0,97,89.1,79.4,77.4,100,54.9,30.4,3.4,62.8,11.4,0,37.3,0,0,29,63.1,53.4,90.1,67.9,0.3,81.4,0,34.2,47.8,83.2,56.8,51.7,100,54.2,36.1,24.7,17.9,80,39.4,52,32.3,27.2,0,100,19.3,53,43,28.1,13,14.6,71.9,0,27.5,32.9,74.6,48.8,0,2.4,17.2,100,0,33.5,1.7,97.9,98.4,54.5,3.7,49.5
India,61.8,58,41.5,45.6,84.6,40.6,72.1,37.9,27,37.3,0,62.3,17.5,82,0.3,2.7,11.9,68.5,46,70.4,45,85.3,85.7,5.6,52.6,43.5,25.4,18.9,5.7,54.2,19.4,5.5,32.7,10.1,30.4,81.8,60,97.7,100,23.9,40.9,4.9,45.5,8.4,50.7,42.4,0,15.8,5.8,34.1,30.6,41,48.8,41.4,20,4.1,0,15.2,41.9,75.2,0.5,21.2,9.5,45.8,7.1,52.4,43.4,100,87,30.5,28.4,6,41.9,11.3,1,9.5,22.1,0.9,0.7,3.8,10.8,36.6
Indonesia,65.5,57.6,46.9,37.3,1.4,65.2,98.9,18.2,11.9,49.2,19.5,76,22.3,33.6,0.2,4.4,5,0,35.9,89.2,57.8,68.2,75,5,51.2,46.8,36.9,28.2,4.5,57.3,13.1,0.1,17.5,2.5,7.8,28,86.8,96.8,79.3,14.1,2.5,0.3,9.9,21.7,66.4,68.4,0,2.2,0.1,20.8,30.5,36.6,48.9,8.8,3.1,0.1,15,2.1,14.1,58.6,1.2,34.2,5.4,39,1.5,42,40.3,5.3,87.2,16.5,13.7,4.2,0.6,2.4,3.3,22.3,27.9,1.5,0.8,3,4.1,27.9
Iran..Islamic.Republic.of.,45.5,28.4,8.5,23.6,70.1,22,4.6,27.3,27.1,56,0,65.9,37.5,99.8,2,18.9,16.1,0,25.8,88,68.2,58.8,46.4,18.9,37.2,73.9,7,34.5,2.8,30.3,23.9,0,96.5,0,0,0,21.8,92.4,26.6,28.4,0,4.2,0,24.9,27.7,44.4,0,0,0.5,3.8,11.8,8,46.5,23.2,78.8,6.1,0,62.9,22.1,52.7,2.4,30.2,3.3,50.6,0.6,33.4,3.8,1.2,0,100,0.2,80.5,4.2,7.3,3,4.3,1.2,1.8,7.1,1,0.5,32.9
Iraq,25.4,21.1,10.6,0.6,94.7,0,0,40.7,0,0,0,0,0,0,0,1.5,0.6,0,4.3,80.2,43.2,33.5,30.9,11.8,6,0,18.8,27.8,0.7,0,1.2,0,0,0,1,0.1,0,52.1,9.4,32.3,22.2,0,2.3,23.5,0,0,0,0.7,0.1,0.3,0,14.4,41.9,0.6,12.3,0,0,14.6,6.3,9.9,0.2,0,0.3,7.9,0,0,0,1.7,0,0.9,0,1.1,3.1,0,0,1.5,0,0.2,0,0.7,0,11.9
Ireland,81.8,81.6,81.7,85,87.5,74.7,66.5,24.9,14.5,85.6,69.6,0,49.2,57.2,28.6,54.7,22.5,72.5,48,88,76.3,77.1,85.7,31.4,67.9,26.7,100,57.4,12.4,45.6,10.6,0,14,28.7,33.7,14.7,90.4,66.8,12.4,73.4,73.5,18.5,77.7,95.8,69.3,58.8,28.2,29.6,41.5,100,16,23.9,53.6,67,16.9,29.7,5.4,28.7,34.9,43.3,27.9,58.9,13.8,78,61.2,72.9,59.3,100,96,0,16.9,10.6,9.8,34.6,49.2,5,16.5,58.6,27.5,44,17.1,48.5
Israel,70.9,73.3,75.9,72,61.5,58.4,51.8,57.6,33.2,65.8,53.5,78.8,38.9,31.6,7.3,0,100,62.9,38.3,89.4,80.1,74.7,71.4,38.7,58.6,29.1,45.4,48.2,13.1,51.3,24.9,0,21.7,100,100,100,88,89.4,9.3,75.1,17.3,100,47.1,100,77.6,56.1,100,90.9,67.3,20.3,30.9,37.5,55.3,0,33.5,100,0,59.6,46.5,66.7,12.5,20.7,56,45,31,71.2,67.1,100,82.9,7.2,7.1,11.9,67.5,23.8,36,26.5,19.6,21.8,14.2,48.9,47.8,50.2
Italy,69.1,58.3,57.5,52.3,100,46.3,25,35.2,48.4,67,58.3,89.9,42.9,44.6,7.5,30.6,28,68.9,49.1,88.1,73.4,82.9,82.1,22.7,78.6,24.3,43.5,57.7,44.9,40.7,30.8,0,9.8,3.9,7.4,4.4,90.4,99.6,60.6,54.7,9.1,19,69.2,45.5,58.2,70.2,24.2,10.9,36.1,19.9,23.6,43,46.8,59.1,46.2,26.4,20.1,47.9,68.7,45.2,12.1,54.6,100,52.2,25.5,73.7,53,11.7,90.4,37.3,34.5,86.5,11.7,34.6,28.7,26.2,25.3,23.1,23.6,11.8,3.5,46.1
Jamaica,74.5,58.6,47.2,39.9,88.1,54.9,37.3,56.5,52.7,0,0,76.7,15.9,0,0,0,0,0,0,80.4,51.8,38.8,36.9,7.2,21.9,30.5,21.8,45.6,10.7,29.9,20.1,0,32.6,3.8,10.6,0,45.6,0,0.5,31.5,0,0,0,13.4,44.8,46.5,0,22.7,0,20.9,14.5,31.9,52.1,0,2.8,0,0,10.3,4.3,32.9,8,37.5,3,0,4,35.9,4.4,19.9,74.3,83.3,36.6,46.7,1.9,1.6,0,0,2.4,1.9,1,2,0.1,27.7
Japan,89.1,84.1,78.7,85.6,100,65.1,34.6,21.1,41.5,0,75.9,87.7,0,34.5,13.9,62.5,60.2,90.1,80.7,92.1,79.2,90.6,98.8,39.9,92.1,35.6,35.3,57.2,20.9,45.4,73.8,0,44.8,16.9,27.9,7.2,85.6,94.1,100,38.5,0,52.5,96.9,75.8,59.1,64.4,3,12.1,100,71.9,45.1,48.3,46.8,91.3,100,100,18.5,24.5,67.7,39.4,1.7,22.4,15.7,73.5,83.8,100,68.2,8.8,83.8,47.4,58.5,25.5,9.2,38.5,73.9,40.5,21.4,16.1,5.8,13.8,9.7,53.6
Jordan,65.5,52.2,50.6,51.6,100,56.6,55.6,20,24.3,28.9,33.4,81.1,20.4,64.1,32.6,6.7,12.6,0,15.5,68.8,57.2,35.9,33.3,9.8,29.8,22.5,26.4,43.6,8.5,43.6,30.7,11.7,17.7,12.6,23.1,48.4,74.3,93.3,2.3,30.5,15,0,0,25.6,52.8,61.2,0,13.3,1.4,3.6,22.6,4.6,48.7,0,2.6,4.3,0,50.1,10.2,52.1,1.6,23.6,13.8,28.9,2.9,40.8,21.2,0.5,64.6,17.8,3,4.2,0.1,4.3,1,59.2,7.3,4.8,0.2,4.4,10.8,27.4
Kazakhstan,69.1,53,48.4,35.8,98.7,41,59.2,18.4,36.1,63.9,27.9,94.5,46.1,49.3,14.6,7.1,2.3,0,34.7,90.2,72.2,92.3,88.1,28.2,35.4,37.7,14.2,40.9,2.5,37.3,7.9,8.7,8.9,0.2,0,0.1,87.3,70.6,11.9,56.5,21.7,1,58.7,68.4,29.6,33.9,0.5,3.4,4,6.9,28.6,16.1,49.2,0,13.8,1.2,36.5,4.8,5.3,64.8,14.3,1.2,1.9,19.2,0.1,34.1,46.9,2,0,13.8,1.4,1.1,2,0.8,0,10.7,2.2,0.3,3.7,2.3,3,24.7
Kenya,56.4,42.1,33.9,31.6,84.6,47.6,0,41.8,0,0,0,34.8,4.1,0,3.4,0,0,0,0,75.3,32.6,67.7,59.5,0.9,35.4,12.1,15.9,30.8,1.5,0,10.4,6.1,8.6,6.6,29.4,11,39.7,65.1,5.8,18.7,43,0,0,5.2,45.3,49.2,0,6.9,0.2,25.3,26.1,6.2,47.6,0,10.8,0.7,19.6,16.8,15.7,69.5,6.2,13.8,4.5,13.9,16.3,34.5,12.6,29.3,44.9,14.1,6.3,5.4,0.3,0,2.2,99.5,1.3,0.9,0.8,2.8,0.7,22.8
Kuwait,61.8,46.3,52.1,54.7,60.2,51.7,32.7,62.8,27.3,56.6,0,96.4,39.5,0,0,5.7,3.3,0,8.9,96,75.5,84.1,90.5,87.5,37.7,41,9.3,42.4,8.3,39.5,33.7,0,35,6.1,2,2.4,80.5,47,4.5,33.2,0,0,1.2,0,40.9,54.4,0,11.4,1.1,0,19.1,5.5,45.1,0,0.5,0.7,0,11.8,8.8,26.4,13.4,32.8,7.4,26.8,0,23.6,6.5,70.6,65.5,10.3,35.3,0,0,0,6.8,6.3,1.1,7.7,0.3,1.2,1.2,29.2
Kyrgyzstan,47.3,38.1,34.8,22.1,81.5,32,0,48.6,0,46.3,0,84.1,29.3,32.7,41.5,0,1.5,0,0,84.3,57.4,64.7,71.4,11.4,23.3,37.3,17.5,35.7,0.2,0,9,55.4,0,0,0,0,84.9,40.9,0.6,28.4,48.4,0.6,8.6,38.6,24.4,40.6,0.8,2.9,0,3.4,21.9,10.6,45.9,0,16.6,0,13.1,11.7,3.2,60.1,5.1,8.2,0.7,1.2,1.3,40.7,15.4,3.1,0,8.6,0,3.3,8.4,0,0,8.6,1.6,0.2,0.8,3,0.1,21.1
Lao.People.s.Democratic.Republic,72.7,33.2,24.9,24,48.2,50.8,0,10.9,16.5,25.5,0,71.3,6.5,46.2,1.5,0,0,0,0,54.5,29.8,19.4,21.4,26.8,30.2,0,23.8,30.7,1,0,0,10.7,0,0,0,0,93.7,81.8,1.2,18.4,25.2,0,0,12.3,44.5,50.1,0,2.9,0.6,0,8.3,3.9,55.5,0,0.1,0,0.4,5.2,3.4,0,0.5,0,1.7,4.7,0,26.4,40.5,3.2,0,1.2,4.3,0,0,0,0,0,29.4,1.9,2.4,0.3,0,17.4
Latvia,81.8,68.7,74.6,70.9,90.1,51.5,47.1,35.1,38.5,66.9,62.6,93.3,62.8,33.3,27.8,24.6,12.8,0,9.2,90.1,81.6,58.2,58.3,14.7,35.4,38,33.6,61.1,34.1,45,11.4,0,0,6.9,17.1,8.1,90.4,86.9,1.3,68.8,64.1,4.5,30.1,89.4,46.9,48.4,42.5,11.1,10.4,5.7,36.6,29.9,49.7,25.1,15.7,11.9,0,30.2,9.2,70.3,28.3,10.3,37.2,18.8,2.5,57.3,59.8,34.3,17.6,29,0,27.6,45,50,0,69.1,46.7,9.9,29.2,21.7,16,36.5
Lithuania,85.5,72.5,72.1,71.9,90.1,48.5,63.6,30.9,25.2,67.4,59.5,95.7,47,56,15.9,42.7,21.1,0,19.4,94.3,80.4,85.3,73.8,8.2,45.1,13.2,35.4,55.9,49.5,56.2,12.7,0,0,19,47.4,38.1,90.4,85.7,2.4,70.1,29.5,11.2,42.1,96.4,53.7,44,52.5,9.2,9.8,4.4,23.4,25.4,55.6,34.6,10.4,7.9,0,41.4,13,74.4,12.1,6.9,33.5,21.6,3.7,60.1,52.8,20,52.3,31.6,0,14.2,19,36.2,0,29.9,22.6,14.3,34.5,23.9,35.6,37.4
Luxembourg,90.9,89.4,90.9,92.6,72.9,89.7,73.1,27.9,35.3,54.6,58.2,93.6,9.9,33,100,56.4,20.6,60.4,0,98,82.8,76.5,70.2,9.5,73.5,17,55.5,72.3,7,40.4,39.6,0,25.3,100,17.9,28.1,90.4,0,1.6,100,82.1,12.3,63.5,86.6,62.1,61.9,7.9,57.2,61.4,98.8,0,85.2,96.5,49.3,54.9,83,0,29,11.7,39.9,71,15.8,5.3,0,40.7,0,10.3,22,74.3,49.6,45.5,37.4,100,41.1,0,16.8,1.3,84.8,68.5,62.8,15.3,49.8
Madagascar,60,28.1,26.4,23.2,86.8,29.2,15.7,21.3,4.4,25.7,0,68.2,1,66.3,5,0.2,0,0,0,41.7,16.8,28.8,29.8,0.3,15.8,20.7,9.8,28,1.3,25.9,4.3,12.1,0,0,0,0,53.4,0,0.8,2.2,9.3,0,0,6.1,32.3,39,0,3.5,0,9.3,14,32.5,51.8,0,1.1,0.4,0,12.3,3.8,39.2,0.4,2.2,4,0,4.1,19.3,3.5,21.5,0,46.1,0,29,2,0,0,0,1.6,0.1,0.1,0.3,0,18.6
Malaysia,83.6,72.1,64.2,63.2,68.5,62.2,62.6,31.2,33.8,47.4,39.5,87,26.6,99.6,19.9,24.9,19,0,58,93.6,73.9,85.3,85.7,26.9,54.4,24.7,25.4,35,16.8,60.6,50.8,0,43.9,4.3,7.5,9.3,76.7,93.7,21.6,42.3,17.2,9.3,47.3,48.4,53.6,59.1,9.8,28.5,5.1,24.9,93.4,37,49,19.1,8.5,2.8,3,25.1,22,54.4,8.7,29.2,28.2,60.3,4.5,67.8,100,11.5,81,13.4,53.7,3.9,7.6,9.4,11.1,18.7,100,6.8,3.9,4.6,2.5,38.7
Mali,41.8,24.8,29.8,22.1,88.8,38.7,0,29.3,45.6,7.2,0,37.2,1,0,2.2,0.5,2.7,0,0,61.8,24.5,34.7,32.1,0.9,25.1,24.2,18.9,28.5,1.4,0,8.1,21.4,0,0,6,0,40.2,0,0.9,2,16.1,0,1,1.3,39.7,44.5,25.3,7.6,0,0,18.8,38,50.6,38.2,0.7,0.4,0,7.5,4.5,49.4,0.9,2.1,0.9,0,0,27.5,4.8,30.9,0,1.1,0,1.5,10.7,0,0,0,0.3,0.1,6.2,0,0,14.2
Malta,80,72.1,75.4,69.8,100,53.1,0,40,51.9,71.2,50.9,97.9,42.1,26.2,33.2,26.2,12.3,39.4,0,95.1,84.3,81.2,83.3,19.7,35.4,30.1,83.5,75.2,13.1,0,30.9,0,12.9,73.6,27.2,44.2,90.4,84.5,0.3,71.6,60,8.8,72.6,56.8,43,49,8.6,100,34.2,100,15.6,25.3,100,65,24.1,38,0,34.8,6.9,46.2,41.5,30.7,25.1,47.6,73,0,42.7,3.7,88.8,100,28.6,61.1,100,14.5,9.3,100,1.7,100,15.5,31.8,13.4,49.1
Mauritania,60,33.1,24.8,30.9,95.1,47,0,6.7,7.1,20.3,0,39.8,1.2,84.8,3.8,0,0,0,0,51,37.6,10,9.5,1.7,13,45.6,33.5,28.1,0.8,0,6.8,0,0,0,0,0,21.1,0,0.4,0,63.9,0,0,3.1,50.7,34.7,0,4,0,1.4,0.6,15.1,52.1,0,0.3,0,0,3.1,0,0,1.4,0,0.3,0,0.1,9.5,0.8,2.9,0,0.8,0,0,2.5,0,0,0,0,0.1,0.8,0.1,0,12.4
Mauritius,89.1,68.4,73,70,98.2,60.4,0,39.5,57,59,0,88.2,27.8,41,17.9,6.3,7.6,0,0,89.2,55.6,70,64.3,11,31.6,29,52.9,44.8,5.8,0,35.7,0,23.4,100,40.2,100,94,69.7,0.4,35.6,0,0.4,5.1,30.3,36.6,48.9,0.6,8.3,8.8,6.2,17.4,52,50.8,5,1.8,0,0,12,3.3,57.5,29,16.4,17.4,3.5,0.7,37.2,9.9,21.4,64.4,70.7,0,19.6,22,0,0,43.9,6.7,12.8,3.1,5,0.4,34.4
Mexico,54.5,46.4,46.9,28.7,72.3,27.6,50.6,35.2,15.4,57.7,33.5,73.2,26.8,55.3,1.8,3.8,5.3,42.3,42.7,77.2,61.1,82.3,82.1,13.2,46.5,26.6,34,45.5,4.6,37,13.1,14.3,12.6,1.4,3.7,13.9,92.2,85.9,60.3,29.5,0,1.3,22,33.5,39.1,54.9,0.7,3.1,1.6,1.7,60.2,1.4,50.4,57.6,3.6,1.2,5.9,10.5,29.3,36,3.1,16.5,7.9,66.8,0.1,72.4,74.5,0,85,35,18.8,2.6,0,10.9,7.3,8,100,2.7,4.1,2.5,2.2,31
Mongolia,72.7,42.3,42.6,39.2,98.7,34.9,0,43.5,0,58.5,0,81.1,44.8,46.2,3.8,3.6,2.3,0,0,78.1,62.3,52.9,60.7,10.4,14.9,60.9,12.4,29.6,1.5,0,15.9,6.6,0,0,0,0,65.7,43.1,0.8,39.5,82.3,0.2,10,79.2,31.5,37.4,0.6,7.8,0,6.7,9.4,24.8,73.2,0,12.9,0.5,100,18.6,4,0,24.3,12.3,4,3.5,0.7,19.2,0.8,3,0,100,0,94.1,3.2,0,0,35.5,0.1,0.6,2.1,3.3,0.3,28
Montenegro,70.9,49.4,54.9,47.6,93.6,42.4,0,0,0,59.2,35.9,78.1,35.6,37.1,0,8.4,6.5,0,0,92.9,72.1,54.1,54.8,27,32.6,42.6,29,46.9,76.3,0,21.5,23,31.8,0,0,0,83.3,84.8,0.1,56.1,13.5,3.9,46.8,60,42.8,41.7,6.8,12,0,4.7,24,53.4,62.3,15.1,3.2,4.5,0,46.3,1.8,0,32.7,37.5,47.3,12.3,0.9,0,9.9,24.4,0,20.4,0,0.5,19.6,0,0,80.8,3.4,1.7,100,5.4,0.3,30.3
Morocco,63.6,49,42,43.8,74.9,59.6,16.7,65.3,70.5,52.9,13.8,63.2,25.3,36.9,5.4,12.2,0,0,0,90.7,60.6,52.4,51.2,5.1,22.8,40.5,33.5,28.4,5.6,30.2,35.9,11,20.4,1,5.1,2.3,76.7,93.1,6.6,7.5,40.6,0,0,0,36.2,42.5,0,2.2,1.3,8.3,21.5,19.1,49,8.2,7,4.1,0,24.2,11,63.2,9.1,19.7,10,56.6,0.9,29.3,28.7,31.5,79.6,49.1,6.7,62.7,9.4,3.4,0.7,15.6,1.3,1.6,1.2,1.6,4.3,28.8
Mozambique,54.5,34.1,27.7,19.6,41.6,40.2,0,59.4,79,24.4,0,19,2.2,0.2,0.9,0.3,5.6,0,0,46.4,19.7,51.8,52.4,2.9,0,100,5.1,31.7,2.1,13.7,7.6,0,0,0,7.7,1.3,73.2,0,0.8,2.5,20.2,0,0.6,2.2,34,35,21.6,14.1,0.9,0.3,14.1,31.1,75.3,0,5,0,2.2,19.7,4.8,40.7,0.8,2.2,3.5,0,0,12.2,0.7,2.1,0,30.1,0,6,0,0,0,0,0.1,0,0.2,0.1,0,15
Myanmar,43.6,28.2,29.1,15.5,70.1,32,0,9.8,13.6,29.1,0,43.9,10.2,81.8,0.1,0.2,2.5,0,0,0,0,25.9,26.2,2.1,11.6,48.3,33.1,19.4,0.4,0,8.6,22.1,0,0.9,6.1,8.8,88.3,70.7,5.1,4.6,0,0,0,23.7,20.8,31.8,1.2,3.1,0,7.1,21,17.2,49.9,0,0,0,0,2.7,2.7,61.6,1.4,0,1.6,22.5,2.6,18.1,22.5,2.6,0,16.1,2.2,0,7.5,0,0,8.1,8.2,0.1,0,0.2,0.1,16.4
Namibia,70.9,50.8,42.2,53.8,96.7,52,0,100,0,0,0,47.4,13.8,11.4,12.7,1.6,6.3,0,0,64.7,38.4,52.4,50,1.9,0,19.6,31.6,50.9,4.3,0,26.5,0,7,0,0,0,91.8,61,0.3,25.7,26.6,0.8,13.7,24.2,39.5,42.5,9.6,11.3,0,0.8,19.5,27.3,44.5,8.2,2.7,7.9,4.7,19,4.2,15.4,2.2,11.1,4.1,4.7,1.3,36.4,13.6,1.9,0,8.7,0,8.6,0.7,0,0,0,2.5,8.6,0.8,0,12.2,20.6
Nepal,58.2,29.4,27.6,33.3,62,34,0,36.9,8.9,44.2,0,35.3,6.5,0,0,0,0,0,0,63,31.2,40,36.9,0.9,21.4,66.3,13.8,28.3,0.9,0,32.5,97.5,0,0,2.2,0.3,25,82,2.6,17.8,35.5,0,0,9.4,31.5,37.3,0,5,0.7,0,32.1,4.1,45.9,0,1.6,0,0,20.7,7.5,0,5.5,1.6,1.7,7.6,0,0,1.4,16.1,0,29,0,0.9,0,11.7,0,8.3,3,0.5,1.2,2.3,8.4,17.6
Netherlands,83.6,89.6,88.7,91.7,84.4,76.3,97.3,48.5,40,83,68.7,78.8,57.5,31.6,31.2,67.8,42.1,81.8,68.1,93.8,82,90.6,96.4,34.4,91.6,29.9,35.5,62.6,15.2,60.3,37.7,0,41.2,33,26.8,34.5,90.4,92.9,24.1,81.7,65.8,31.5,71.3,73.4,70.1,68.5,39.2,28.4,62.3,100,40.3,33.1,0,86.1,66.2,75.9,0,62.6,69.8,46.2,12.7,50.5,23.1,66.2,100,67.7,68,26,99.6,36.3,42.2,25.1,50.5,12.8,48.5,21.1,45.6,80.9,100,49.5,11.4,58
New.Zealand,96.4,83.9,91.8,94.9,100,63.2,0,56.8,29.3,94.7,68.9,77.6,52.8,45.7,55.4,67.1,25.9,47.6,49.8,93.2,76,92.9,98.8,43.3,85.1,30,25.5,56.7,10.2,0,61.6,0,19.2,14.4,30.9,6.8,94.5,73.5,5.1,0,0,17.1,61.8,71.1,55.5,48.7,22.1,32.5,30,40,29.7,57.7,48,43.4,12.5,31.6,0,71.6,35.2,53.2,73.9,23.3,12.5,21,40.5,47.1,32,14.1,79.1,78.3,12.4,9.9,10.9,43.9,49.4,35,5.2,32.6,63.2,36.9,7,47.2
Nicaragua,56.4,34.3,28.5,14.5,86.3,14.5,0,39.7,0,0,0,0,10.7,0,0,0,1.8,0,0,60.8,34.4,54.7,52.4,3.3,0,25.3,20.5,37.7,1.2,0,9.7,40.2,0,0,0,0,88.1,59.6,0.7,18.7,70.1,0,0,19.9,22.4,30.8,0,6.4,0,0.5,20,6.3,52.6,0,0.3,0,0,2.9,3,0,0,5.6,3.1,15.7,0,21,4,23.6,0,29.2,0,0,0,0,0,0,9.6,2.7,0.3,0.9,0,18.1
Niger,54.5,36.4,26.4,31.9,88.1,0,0,30.2,14.6,0,0,37.2,0.2,9.6,14.4,0.1,0,0,0,34.6,13,29.4,29.8,0,0.9,47.1,20.9,37.7,0.6,0,2.4,6.6,0,0,24.9,1.6,47.9,58.6,0.6,21.1,29.5,0,0,1.9,0,0,0,2.9,0,0,64.8,43.6,52.6,0,2,0,0,7,2.8,60.9,0.2,2.1,0.5,19.9,0,0,7.9,26.6,0,0,0,0.2,1.2,0,0,0,0.5,0.9,0,0,0,14.6
Nigeria,45.5,27.5,20.9,25,100,32.5,0,0,0,15.5,0,77.5,5.5,0,0,0,0,0,0,56.6,31.3,51.8,48.8,0.6,22.3,44.7,14.4,28.3,0.3,0,2.6,4.8,3.8,3.7,12.8,11.1,20,0,25.4,58.5,33.8,0,0,19,26.2,42.5,0,4.3,0,9.1,27.5,11.7,46,0,3,0.1,0,8.1,12.7,33.6,3.5,10.7,0.5,0,0,0,7.3,2,64.3,5.8,1.8,5.8,0,0,1.9,0,0,0.5,0.5,1.2,0.5,16.9
North.Macedonia,74.5,52.7,57.6,44.4,87.2,32.6,4,0,0,48.5,26.9,94.4,27,37.6,13.7,8.9,6.7,0,0,81.5,62.5,74.1,83.3,12.5,30.2,0,30.3,54.3,68.1,30.6,20,0,0,0,0,0,88.8,90.3,0.6,47.1,45.2,2,29.2,52.2,33.7,41.7,3.6,2.8,3.9,51.2,16.9,22.1,51.2,33.8,10.7,3.2,0,19.1,6.2,47.4,14.1,13.3,47,62.3,5.6,42.6,35.1,24.7,14.6,0,0,7,22.4,17.6,0,50.6,1.7,6.9,5.5,6.2,6.6,28.8
Norway,89.1,91.4,87.3,97.5,98.7,70.7,80.5,76,46.3,80.4,66.5,92.8,54.8,39.7,11.3,76.8,41.8,55.5,44.5,91.6,86,87.7,90.5,100,76.7,40.7,30.7,59.3,24.6,50,63.4,0,25.7,13.9,18.5,12.2,81.9,88.3,8.3,82,0,25.2,53.5,90,61.7,64.6,30.6,44.2,38.4,12.1,21.9,84.1,46.3,62.2,33.4,38,0,70.8,42.1,51.8,38.9,49.3,18.5,48.9,12.3,54.8,38.4,15.2,78.7,21.7,23,8.2,13.9,25.8,68.7,23.1,8,49.6,62.3,54.1,12.6,48.8
Oman,72.7,52.8,56.4,62.2,0,70.3,39.9,49.2,73.3,55.8,0,86.5,28.6,100,7.6,3.7,6.7,0,10.1,94.2,69.5,85.3,83.3,37.7,53.5,26.2,13.3,30.7,11.7,37.3,23.5,0,7.7,5.7,1.7,0.6,88.9,85.5,3.1,31.1,0,1.4,39.3,2.7,51.5,62.5,0.6,16.4,0.3,0,13.2,11.3,54.8,0,1.8,1.6,0,17.3,7.6,27.2,6.1,4.8,11.8,21.5,0,31.2,15,4.3,55.3,41.5,3.2,0.9,0,0,3.4,9.6,4.9,1.6,0.3,0.8,18.1,26.8
Pakistan,56.4,37.9,27,28.1,62,54.8,8.6,14.2,24.4,15.4,0,71.2,5.6,0,0,4.2,3.5,0,29.5,64.2,34.3,62.9,52.4,2.9,17.2,16.3,23.7,24.6,3.1,29.5,4.6,8.2,5.6,1.5,5.6,1.4,43.9,89.8,25.9,15.5,35.6,0,0,5.3,55,56.1,0.5,10.8,0.5,10.6,35.5,21.8,46.6,0,2.4,0,0,30.4,18.3,57.1,0.4,27.3,5,27.1,0.6,26,16.4,31.7,77,23.8,0,2.1,3.1,0,0.3,12.1,0.8,0.6,0.2,0.9,20.2,23
Panama,70.9,51.2,52.9,40.7,79.9,47.6,34.6,31,8.9,44.4,12.5,80.4,30.3,20.1,0,0.3,2.5,0,3.9,83.1,55.2,62.4,58.3,13.3,57.2,48.8,72.2,50.5,1.2,26.6,39.6,0,9.4,0.7,3.3,6.6,62.7,51.9,2.8,35.2,0,0,1.9,38.5,35.7,46.5,8.8,3.5,3.8,4,20.5,9.3,51.9,0,1.5,1.8,0.8,7.2,11.6,0,17.3,17.5,4.8,8.6,2.5,47.2,46.3,12.1,30,33.7,4.7,0,8.3,0,0,66.5,33.9,32.1,1.2,1.9,4.5,25.7
Paraguay,63.6,39.7,39.9,35.3,57.6,46.2,11.4,23.8,22.1,0,0,67.5,0,0,0,1.6,2.3,0,0,73,49.8,70.6,75,32.4,34,26.7,32.6,40.9,2.1,17.6,17.4,0,0,0,0,0,73.8,0,2.1,25.4,55.3,0,0.3,31.3,26.8,40.5,3.5,0,5.4,3.6,60,0,47.8,0,1.2,0,1.4,2.8,3.2,49.9,0,4.4,13.2,0,0,31.1,10.1,0.9,0,98.8,5,1.9,0.1,0,0,0,1.1,1.6,1.5,1.3,0.1,22.6
Peru,61.8,44.6,58.1,37.2,93.2,46.5,54.4,35.1,25.6,58.6,27.5,79.8,46.1,68.2,0,0,3,0,18.1,70.4,50.5,75.3,76.2,7.8,29.8,27.4,43.4,39.8,11.7,34.9,19.6,100,16,0.6,0.2,2.2,95.7,87.5,10,19.3,81.9,0,0,37,32.7,42.8,0,1.3,0.7,16.7,28.5,28.5,49.6,0,2.4,1.7,22.6,7.6,14.4,49.6,15.6,21.4,10.3,15.5,2.2,23,8.4,2.2,72.8,48.5,2.7,1.4,2.6,0.1,7.1,50.5,2.7,5.1,1.7,3.7,0.7,29.1
Philippines,61.8,51,45.7,31.8,61.5,39.4,0,30.7,0,45.9,6.4,50.8,21.8,45.1,0,1.8,5.8,0,20.3,69.4,47.5,72.9,75,4.7,39.5,25,43.4,28.9,8,0,18.4,0.2,27.8,2.4,4.8,7.3,89.2,92.2,21.9,26.3,73.5,1.2,47,43.3,44.4,46.6,0.5,10.4,0.5,17.6,97.6,31.3,49.6,63.2,4,1,34.1,2.9,14.8,64.5,0.7,20.6,11.3,51,1.2,63.9,95.8,45.3,76.2,23.6,15.8,4.4,2.9,3.9,4.5,15.9,74.5,1.3,0.4,2.1,3.7,30.7
Poland,76.4,57.8,67.1,60.1,78.7,27.1,34.1,39.6,35.2,65.7,73,92.2,45.1,33.7,10.2,37.7,25.5,48.2,30.5,90.3,73,85.9,96.4,20,69.3,22,32.7,50.6,13.4,45.9,17.6,3.1,10.2,2.6,3.7,1.8,90.4,99,31.6,63.7,21.6,17.9,62.7,73.7,37.1,45.9,16.1,5.6,10.3,28.3,29.2,33.6,50.7,62,26.9,5.4,13.7,39.5,36.8,70.8,6.6,24.2,21.2,44.8,9.8,67,51.5,21.5,83.2,23.7,16.1,31.4,25,6.5,11.3,28.8,57.1,7.2,26.7,20.3,11.2,37.5
Portugal,83.6,71.8,65.7,76.8,82.2,49.5,16.5,40.3,50.2,71.4,64.5,92.2,44.2,62,25.9,59.8,29.6,45.4,30.9,90.7,73.2,83.5,82.1,24.8,74,24.5,44.4,50.4,15.5,42.4,37.8,0,10.9,11.8,14.8,3,90.4,100,8.3,65.9,31.5,18.8,64.6,69.6,55.5,53.1,18.2,9.4,16.9,21.9,26.3,26.3,51.2,50.3,21.1,13.2,3.6,75.8,33.1,44,22.4,56,35,39.9,5.4,56.5,40.7,21.1,72.3,72.9,16.9,42.7,15.9,23.8,32.4,26.6,19,19.6,59.6,19.2,7.4,42.1
Qatar,76.4,69.3,66.2,72,69.9,74.5,85.7,22.9,0,42.5,32.4,85.9,11.6,39.2,100,6.5,9.6,0,13.6,95.1,75.2,65.9,65.5,86.4,66,0,13.1,33,12.6,46.4,52.7,0,36.7,5,0.6,0.2,77,76.1,6,31.9,0,1.3,11.4,17.3,66.8,54.8,0.5,17.1,0.8,0,19.7,82.9,42.5,19.4,2.6,2,0,18.5,11.3,47.2,25.8,29.3,8.7,49.7,0,31.8,17.4,24.4,62.6,1.5,40.3,0,9.1,0,11.7,19.2,0.4,3.5,2.5,1.7,0.5,32.9
Republic.of.Korea,83.6,80.2,70.7,76.8,61.6,54,69.8,37.7,58.4,69,75.8,84.8,65.3,68.1,8.6,100,88.5,90.4,75.7,95,87.4,100,100,55.1,72.6,48.5,18.6,46.9,14.8,46.7,63,0,38.1,11.5,6.2,10.6,64.5,97.3,56.2,60.1,0,77.6,94.7,68.5,65.7,62.8,2,15,93.8,39,56.5,12.6,46.4,100,100,100,44.5,44.5,45.9,59.8,0,19.5,14.1,75,34.9,89.7,87.7,8.2,78.6,87.1,77,100,17.3,38,50.7,3.8,59.9,8.7,8,25.5,18.3,57.8
Republic.of.Moldova,65.5,39.9,46,35.4,68.9,34.4,0,60.9,44.2,54.8,36.9,88.8,37.3,53.9,17.6,8.9,4,0,0,79.2,58.2,75.3,76.2,11.4,19.1,33.4,18.6,42.7,2.5,0,8.8,68.5,0,0,9.2,7,91.8,76.1,0.6,47.4,43.9,0.9,19.2,50.7,35.4,35.5,2.1,5.5,3,13.8,24.4,32.4,50.3,7.2,19.3,1.1,100,9.7,5.1,70.8,0,9.3,6.3,25.4,2,38,14.2,47.5,0,86,0,48.3,19.4,0,0,15.5,1.2,2,2.9,5.5,15.8,31.1
Romania,70.9,45,54.5,55.6,100,32.2,21.4,24.3,27.9,53.4,38.3,85.2,32.7,66.3,15.1,10.8,8.4,0,0,90,72.3,72.3,81,13.9,49.8,36.3,45,56,55.4,34.6,8.1,48.8,3.6,2,3.5,0.3,90.4,95.6,14.5,40.6,19.9,5.6,67.5,41.6,39.5,46.5,8.8,3.6,2.2,22,31.3,58.2,49.9,33,11.5,0.8,2.4,21.2,18.9,92.2,25.6,23.5,44,57.5,4.5,69.8,53.8,51,68.3,29.3,7,9.3,38.3,6.8,6.8,22.3,10.5,4.8,13.4,9.9,7.5,34.1
Russian.Federation,63.6,50.4,34,26.4,81.5,42.1,24.6,40.3,0,63.9,60.1,0,57,74,13.2,31.1,20.1,40.9,47.9,86.6,77,81.8,86.9,36.8,33,31.8,9.4,37.5,1.3,29.6,21.5,4.6,16,2.1,0.3,1.7,73.7,92.1,100,71.1,8.1,12.7,36.1,87.6,46.5,49.1,3.3,5.9,5.8,41.7,27.6,31.4,47.1,56.7,45.8,4.9,48.4,14,37.7,63,9.2,26.6,2.3,29.4,10.1,44.5,27.5,12.3,73.4,61.7,17.8,7.1,24.2,4.9,6.5,13.8,4.4,3.4,13.8,10.9,13.6,34.3
Rwanda,76.4,57.1,48.8,48.9,81.6,74.6,0,30,36.6,32.9,0,72.3,1.5,11.7,9.7,0.5,13.8,0,0,63.2,28.8,61.8,63.1,0.2,42.8,33,39.1,32.8,0.9,0,7.5,10.2,11.6,0,32.6,11.2,34.1,45,0.5,7.9,40.9,0.9,0.8,10.6,34.6,44.7,37.8,17.2,0,0.1,22.8,10.8,49.8,6.5,1.8,0,4.7,27.4,3.4,61.6,8.8,4.2,0.6,8.3,0.5,0,10,5,0,8.3,0,1.3,0.4,0,0,0,1.1,0.1,0.2,1.2,0,18.7
Saudi.Arabia,52.7,52.9,51.5,52.3,68.8,72,65.5,78,0,66.4,21.3,81.9,46.1,46.9,11.4,5,9.4,65.9,47.4,97,82.9,68.8,71.4,55.1,44.6,34.4,17.6,37.9,2,45.6,19.1,0,89.2,4.9,4.8,70.6,72.6,87.3,38.9,0,0,0,0,0,53.8,65.7,0,7.5,8.7,0,24.1,13.9,46.4,0,10.2,9.4,0,29.5,25.8,14.5,2.5,27.3,3.2,47.4,0,56.2,14.1,5.5,79.5,7.3,39.9,2,0.5,0,16.5,28.5,2.9,2.7,0.9,1.3,1.8,33.4
Senegal,72.7,49.9,39.8,38.9,86.5,50.1,0,50.2,34.6,17.5,0,54.3,6.9,0,18.8,6.3,10.4,0,0,63.8,36.9,49.4,44,1.4,9.3,51.6,30.9,33.9,1,0,9.3,48.2,0,1.7,18.1,56.5,41.3,76,1.2,3.8,15.7,0,2.6,2.9,43,39.8,7.9,3,0.7,3.1,15.8,25.6,54.1,0,1.9,0.9,0.8,12.9,5.8,58.5,1.8,18.4,3,28.4,3.2,22.8,2.4,15,0,4.8,5.5,3.4,18.3,0,0,16.7,0.4,1,0.2,0.5,0,19.9
Serbia,69.1,50.4,47.9,41.3,100,49,0,27.6,61.5,54.6,44.3,96.3,44.3,71,12.5,24.8,16.5,0,0,91.3,71.7,79.4,82.1,26.4,36.7,33.5,19.2,43.9,79.3,0,15.8,0,3,0,0,0,90.7,97.2,3.1,42.4,44.2,7.1,2.6,49.9,41.5,43.3,15,5.2,4.8,27.5,18.6,39.8,59.5,11.7,8.5,3,13.8,61.9,15.5,66,8.1,3.6,63,31.6,9.4,59.2,32.3,42.4,57.6,21.5,0,7.4,40.3,2.2,0,23.5,6.6,1.5,5.7,7.6,12.3,32.3
Singapore,100,100,100,94.8,100,89,0,14.2,34.6,69.1,90.8,86.4,60.2,87.7,51.1,83.6,34.7,49.2,69.4,99.6,76.4,96.5,97.6,46,90.7,31.4,44.4,50.9,11.4,0,50.3,0,70.1,100,100,100,99.7,73.8,13.7,93.9,0,23.5,68.4,92.8,68.8,67.6,16.7,71.5,46.9,71.1,78.4,58.4,95,63.6,24.6,52.2,0,39.2,39,70.9,41.2,23.4,14.7,100,39.8,88.5,88.2,20.1,65.6,15.3,51,4.3,100,7.4,40.1,9.7,44.9,28.3,12,100,42,57.3
Slovakia,83.6,61.4,64.5,63.7,78.7,36.4,8.6,31.8,34.6,55.3,55.2,87.2,29.3,42.9,24.1,36.2,16.6,0,16.8,90,71.5,71.8,70.2,25.3,45.6,22.7,28.4,60,62.5,42.9,24.4,0,2,2.7,2.3,1.1,90.4,79.4,4.2,57.6,51,10,54.1,60.7,37.5,44.6,22.5,2.5,4.5,18,36.2,23.3,47.7,29.8,11.3,4,42.7,37.8,17,54.9,21.1,25.7,57.3,82,2.2,75.6,58.9,13.7,0,41.2,1,16.1,7.2,26.4,0,10.2,82.3,3.3,31.8,14.9,8.9,34.3
Slovenia,80,74.8,68,73.7,94.7,46,38,43.4,41.4,76.8,69.3,77,51.1,64.8,17.8,56.5,39.4,52,11.3,94.6,76,85.3,85.7,39.4,58.6,29.9,29.9,67.3,37.5,42.5,14.9,0,5.4,1.1,7.5,1.4,90.4,98.6,1.8,73.7,52,32.1,76.1,84.7,50.3,47.7,47,12.1,26.7,15.1,18.1,32.6,50,74.1,34,21,0,84.8,18.8,57.5,9.9,8.2,57.8,54.7,7.5,80,51.9,13.6,11.5,50.1,2.9,16.1,23.8,38,0,37.2,11.1,21.1,28.7,28.6,23.6,40.6
South.Africa,61.8,56.1,50,43.1,97.4,32.6,17.1,58.5,42.5,49.4,0,49.7,13.7,29.9,9.2,5.4,11.2,0,31.4,83.5,56.9,74.7,75,19.3,61.9,13.1,10,37.2,7.6,35.6,40.4,18.3,100,8.5,13.1,5,71.5,83.6,19.2,31.2,2.7,6.9,51.3,33,49.3,45.6,14.6,14.3,6.5,39.9,27.1,22.1,47.5,22.4,5.3,5.3,0,28.8,31.2,60.2,51.6,32,11.1,26.8,4.5,42.3,29.5,4.2,78.5,19.2,32.1,7.4,3.9,1.9,6.6,0,9.5,2.9,9.3,2.8,1.3,29.8
Spain,74.5,69,64.1,69.5,81.4,48.3,60.5,34.3,30.4,78.6,60.5,86.6,61.5,38.3,9.8,35.6,25.7,70.6,44.3,91.5,80,88.8,84.5,26.7,82.8,27.3,41.2,56.6,44.5,41.5,40.7,0,20.9,7.7,10.1,12.3,90.4,93.8,44.5,54.2,67.3,15.9,60.7,81.2,43.6,59,17.7,11.3,16.3,34,21.7,41.8,50.5,46.3,13.8,15.8,40.9,54.8,61.7,38.6,10.2,57.4,43,50.1,22.7,60.6,43.4,21.6,79.9,37.9,32.6,51.8,26.1,36.3,28.4,28.7,11.1,28.8,17.2,21.5,12.1,44.6
Sri.Lanka,67.3,48.2,40.5,44.9,0,43.3,0,7.3,3.4,52.6,0,69.3,12.1,0,1,1.1,2.2,0,0,81.2,47.2,71.8,71.4,3.5,25.6,31.6,67.8,34.7,8.9,0,17.5,8.7,7,0.3,1.5,0.2,59.4,76.7,6.8,35.6,17.1,1,49.8,11.4,49,49.6,1.6,16.2,0.5,0,19.7,33.3,47.3,24.2,9.4,2.4,0,7.2,10.6,57.9,2.9,32.9,10.8,8.5,0,35.9,17.5,45.2,57.4,15,4.6,5.2,0,0,0,57.4,5,0.8,0.9,10.5,0.8,24.2
Sweden,85.5,86.7,86.9,92.9,87.2,63.7,46.2,76,43.3,88.8,68.8,83.7,50.7,59.3,19,91,64.8,79.3,61,93.6,86.5,90,82.1,77,93,35,29.9,72.7,31.3,50.3,49.9,0,0,38.3,42.8,66.9,90.4,98.1,13.5,88.7,76.4,52,77.2,91.4,67.4,64.9,51.7,81.3,76.2,72,23.5,86.5,50.4,87.8,84.8,100,0,82,59.5,52.3,37,49.7,14.7,64.8,67.3,82.7,55.9,47.8,95.2,34,77.8,22.6,76.2,35.3,57.5,19,23.2,42.8,63,51.2,26.3,61.6
Switzerland,85.5,93.2,84.6,93.5,95.8,91.5,80,42.5,39.3,68.9,67,90.8,41,53,47.5,63.7,57.8,89.9,84.3,93.2,88.2,82.9,90.5,38.7,86,38.2,73.7,65.9,22.3,51.3,64.4,0,89.1,65.6,55,26.4,91.2,80.9,15.1,79.3,0,43.3,80,68.9,77.6,71.9,32.6,58.5,81.1,100,14.5,64.2,11.1,58.9,100,100,0,80.7,65.9,53.9,19,62.9,30.8,89.9,92.4,91.7,52.6,17,91.8,52.6,81.8,28,13.9,14.8,99.5,28.1,29.1,59.6,100,69.5,14.8,64.6
Tajikistan,56.4,34.4,19.5,14.5,72.9,55.6,0,52.8,0,34,0,75.4,18.8,42.4,2.2,0,1.4,0,0,66.7,15.6,31.8,34.5,10.8,13.5,28.3,21.5,37.1,0.5,0,2.9,35.4,0,0,8.2,2.6,74.6,76.6,0.6,0,25.1,0,2,0,38.3,36.4,0,5.8,0,0,14.2,4.4,49.4,0,0.9,0,79.8,5,0.5,94.3,0.5,6.6,0,1.9,0,24.3,1.5,1.7,0,8.4,0,0,0.2,0,0,35.6,0.2,0.1,0.3,0.3,0.2,18.8
Thailand,69.1,56.2,49.5,49.2,44.5,44,52,19.8,28.9,61.6,32,53.6,31.3,62.1,3.4,20.4,20.9,0,33.2,91.8,72.9,79.4,77.4,13,63.3,34.5,22.7,38.1,16.9,49.7,61,0,38.9,2.3,2.2,6.5,77.2,96.8,29.8,20.8,16.5,16.3,100,34.6,52.7,50.5,1.2,9.4,3,43.5,56.5,6.4,46.8,74.2,5.3,2.2,58.4,15.1,20.9,56.3,5.2,22.2,18.5,58.3,2.9,68.5,76.8,1.3,77.3,17.8,27.2,20.2,0.3,4.2,9.7,17.4,100,5.5,0.4,2.3,4.3,34.9
Togo,63.6,34.8,30.2,28.9,88.4,0,26.7,32,22.7,43.1,0,46.5,7.8,0,0,0.4,4.7,0,0,60,24.8,50,51.2,0.3,18.6,37.1,5.8,34,3.2,25.3,8.3,59.9,0,0,0,0,29,0,0.2,19.2,37.9,0,0,2.7,0,0,2.5,5.7,0,1,17.9,11.7,51.9,0,2.1,0,0,12.6,0.8,0,3.7,7.4,3.2,0,0,19.2,2.4,11.3,0,6.4,0,2,31.2,0,0,0,0.3,0.6,0.1,0.2,0,15.1
Trinidad.and.Tobago,70.9,53.6,41.5,42.8,75.2,47.6,0,33.4,30,0,36.3,81.1,0,0,0,5.5,0.9,0,0,89.1,59.3,61.2,61.9,32.1,17.2,0,0,47.8,3.4,0,15.6,0,0,4.8,0,0,44.2,0,0.6,44.9,0,0.2,16.8,42.2,33.6,42.3,3.5,12.4,0.9,12.7,16.4,10.8,43.6,1.3,0.2,1.1,0.6,11.1,4,36.7,18.6,0,5.8,0,4.8,44.7,27.5,1.4,0,17.4,0,2.6,0,0,0,0,1.7,4.3,1.1,2.9,0,19.8
T.rkiye,61.8,48.8,44.7,36.8,56.9,38.4,34.3,35.7,18,81.5,52.4,75.1,76.8,19.3,5.2,20.2,19.9,48.5,22.4,87.5,66.3,85.9,89.3,17.9,51.2,48,45.8,26.3,7.3,42.4,27.5,0,9.5,1.9,4.7,15.4,81.6,99.7,64.5,35.5,33.8,14.4,70.8,36.3,43.1,48.9,3.8,2.1,9.5,22.2,25.8,14.4,47.7,79.3,25.9,12.7,31.5,23.4,29.3,75.8,7.2,42,8.4,41.3,2.8,56,27.4,5.1,85.3,97.8,5.6,100,3.4,10.9,4.3,16.2,31,11.3,2.1,3.6,17.2,38.1
Tunisia,60,45.3,35.8,49.6,73.1,34.6,0,72.1,100,59.5,15.2,78.3,19.8,97.5,8.2,18.9,13.6,0,0,83.5,58.6,62.4,69,9.1,24.2,12.3,28.6,40.7,15,0,30.1,17.2,7.5,4.5,8.2,0.6,39.5,86,2.7,22.1,18,2.5,23.4,28.9,33.8,39.5,4.3,4.3,0.6,2.1,26.1,7.4,48.8,6.1,11,2.3,0,68.3,11.2,44.9,8.1,25.4,23,31.4,4.3,50,41.2,9,64.7,0,0,10.3,0.3,0.4,0.7,0,14.8,2.7,1.7,4.7,0.3,27.9
Uganda,60,37.3,34.2,37.5,98.7,56.6,0,16.1,0,0,0,0,0.7,0,28.6,0.1,2.4,0,0,51.9,26.4,58.2,57.1,0.3,24.6,39.1,11,35.8,2.1,0,3.4,4.3,0,0.8,9.4,1.9,47.7,0,2.4,7.1,39.3,0.1,4.2,0,43.1,43.3,13,3.3,0.7,4.8,19.4,6.5,50.9,4.5,1.1,0.7,4,24.4,9.6,58.7,3.4,1,2.9,0,6.4,20.8,3.8,3,0,9,0,2.6,1,0,0,0,0.8,0.2,0.1,0.7,0,15.7
Ukraine,50.9,42,37.5,28.7,90.1,34.1,0,49.5,54.7,57.7,52.5,94.9,54.4,50,10.6,9.6,7.3,0,20.3,86.6,63.8,68.2,81,15.6,36.3,7,11.2,49.6,3.8,0,9,1.6,1.5,3,0.4,0.6,89.2,88.7,12.9,57.6,25.1,5.6,37.7,99.8,41.5,39.9,17.7,1.8,5.5,21.2,26.4,22,50.1,33.1,19.4,4.5,100,11.8,16.5,69.1,6.8,54.1,7.3,26.9,5.2,48.6,27.4,60.5,0,52,1.2,35.8,14.3,1.6,0,17.7,2,4.5,5.1,14.3,20.1,31
United.Arab.Emirates,72.7,78.3,72,69.9,100,78.8,100,30.7,48.3,63.6,40.6,91,34.4,80.1,100,27.9,26.5,59.6,36.8,98.2,78.7,90,94,69.5,88.8,35.4,33.7,52.4,18.3,48.9,32.7,0,24.5,28.2,31.6,58.7,78.8,93.2,15.6,64.3,0,16.1,91.9,28.4,63.1,69.9,0,55.2,3.1,18.1,41.3,25.8,52.9,95.1,0.8,3.5,0.1,13.6,13.2,52,9.3,25.3,14.6,34.3,31.7,31.4,63.9,18.7,78.7,5.2,49.8,0.5,0,3.3,23.3,32.2,62.4,11.2,7.5,5.1,9.8,42.1
United.Kingdom,74.5,79.3,81.9,84.9,97.4,59.3,52.7,46.2,37.3,74.4,69.1,71.6,42.7,56.7,49.8,53.7,31.3,84.3,98.5,95.9,87.3,95.9,97.6,22.6,90.2,19.8,48.5,77.7,24.6,48.3,54.6,0,47.2,61.4,78.1,66,91.7,98.9,73.6,78.7,0,25.5,66.3,79.8,61.4,59.4,42.7,56.3,39.9,45.5,31.3,29.9,45.5,50.9,46.3,35.4,0,65.7,100,48.9,74.8,51.4,22.7,56.3,58.3,78,56.5,25.1,98.7,54.5,64,55.9,56.5,18.2,62.3,48,26.5,61.6,68.3,34.4,15.1,59.7
United.Republic.of.Tanzania,56.4,33.1,28.5,30.4,97.4,54.4,0,23.7,22,19.2,0,54.3,2.6,0,0,0.1,9.3,0,0,49.1,26.9,55.3,56,0.5,0,56.2,15.3,34.2,1,0,3,100,3.8,0.4,5.4,0.4,42.2,52.1,3.9,1.7,33.8,0,0,0.9,50.6,52,0,3.3,0,1.3,19.5,5,48.2,0,0.1,0,0.1,13.3,9.3,75.8,0.6,0.5,1,7.8,0,18.1,5.5,2,0,6.5,0,0,0,0,0,60,0.7,0.1,0.2,0.2,0,19.4
United.States.of.America,78.2,78.1,76,81.6,100,78.6,72,43.1,39.3,67.4,65.8,77.5,58,33,13.8,55.4,63.4,100,98.9,89.5,84,94.7,100,62.8,85.6,27.3,24.2,51.1,1,56.3,83.2,0,62.5,42.9,100,100,90.2,98.5,100,72.5,0,52.9,82,92.6,79.6,78.5,42.8,75.5,53.8,38.9,59.3,28.6,47.4,88.3,100,51.6,0,26.9,100,59.1,0,100,2.2,58.7,76.2,78.4,60.3,16.5,100,17.9,87,6.3,38.8,16,100,35.5,33.8,100,2.1,53.8,16.2,61.8
Uruguay,85.5,66.5,59.5,63.7,74.7,81.9,46.5,40.6,23.1,71.2,36.5,0,42.3,26.1,0,8.7,9.6,0,21.8,86,77.2,84.1,85.7,18.4,29.8,17.8,38.3,37.4,22.5,30.6,8.8,0,0,40.4,3.5,23.8,65.8,68.8,1.7,35.5,64.7,2,5.7,34,42.7,45.6,5,6.6,3.7,23.4,19.2,91.5,48.8,0.5,2.3,0,7.1,25.1,10.4,55.5,9.3,19.5,39.2,18.7,8,41.9,16.6,44.3,0,37.5,0,4.1,23.5,19.3,0,26.6,0.8,6.5,11.5,9.9,6.3,29.2
Uzbekistan,65.5,38.8,21.4,18.5,81.5,69.2,0,43.3,0,41.4,0,87.7,8.2,92.9,0.6,4.7,2.4,0,0,82.7,62.3,78.2,81,9.2,24.6,63.9,10.3,38.2,0.6,0,11.9,2.3,0,0,0,0,83,92.9,6.3,0,15,1.1,52.5,45.1,56,59.9,0.1,6.8,0.4,10.4,25.3,12.5,50.2,15.4,10.4,0.2,28.9,2.8,3.4,85.5,11.1,0,3.6,35.6,0,30.3,6.3,6.3,0,21.5,0,3.4,1.1,0,0,11.1,3.5,0,1.2,0.9,0,25.3
Viet.Nam,76.4,54,41.2,42.6,67.2,63.3,60.7,32.9,0,0,68.5,64,17,44.6,0.9,8.5,9.6,0,8.1,90.5,62.2,65.3,70.2,12,56.7,46.8,19.6,20.1,11.2,37.9,56.2,1.7,22.4,1.8,9.4,11.8,91.3,98.5,25.5,13.6,22.2,7.8,79.3,23.8,58.2,65.1,4.1,5.3,1,5.7,100,1.8,56.6,29.1,7.5,0.6,8.4,13.3,13.2,93,6.7,25.1,10.3,39,0.1,42.8,94.2,1.7,79.8,53.4,33.4,13,1,1.6,3,21.1,93.3,2.5,2,4.5,29.2,34.3
Yemen,0,0,0,0,61.6,21.6,0,0,14.8,18.4,0,45.2,4.2,0,11.3,0,0,0,0,39.9,11.5,32.4,30.9,0.5,10.2,0,86.4,0,1.1,0,0,13,0,0,0,0,67.5,69,1.2,16.4,11.5,0,0,3.2,20.7,33.1,0,3.4,0,38.1,2.4,7,42.7,0,7.8,0,0.4,23.8,2.9,0,0,3.4,0.5,0,0.8,15.2,1.6,18.6,0,56.3,0,5.9,0,0,0,0,0.1,0.3,0,0.1,0.1,13.8
Zambia,58.2,33.2,29.5,29.9,15.7,44.2,0,28.6,0,0,0,60.2,0,0,0,0,0,0,0,67.9,25.4,25.9,30.9,3.9,22.3,49.6,12.6,38.4,0.8,0,3.8,21.8,5,0,8,2.4,68.8,74.1,1.3,12.9,41.9,0,0,14.6,38.3,44.2,0,6,0,6.1,13.6,7.7,47.1,0,2,0,0,14.3,6.1,43.4,4.3,2.6,0.7,12.1,0,24.8,3.5,1.8,0,21.9,0,11.8,0,0,0,0,0.3,0.1,0.1,0.3,0,15.8
Zimbabwe,45.5,22.8,9.4,13,65.8,27.2,0,30.6,38.5,33.8,0,56.6,3.3,70.2,1.2,1,0,0,0,64.4,30.4,52.4,45.2,2.5,3.3,0,4.5,46.2,9.1,0,0.3,3.9,0,0,0,0,67.7,36.3,0.6,8.4,28,0,0,36,29,31.4,0,17.8,0,5.1,25.4,15.7,49,0,1.6,0.5,5.2,29.4,6.9,39.9,10.1,21.6,11.2,22.1,1.2,20.2,5.1,1.7,52.1,0.8,0,0,0,0.4,0,11.5,27.7,0.5,1.5,0.4,0,18.1
