"","PC1","PC2","PC3","PC4","PC5","PC6","PC7","PC8","PC9","PC10","PC11","PC12","PC13","PC14","PC15","PC16","PC17","PC18","PC19","PC20","PC21","PC22","PC23","PC24","PC25","PC26","PC27","PC28","Global.Innovation.Score"
"Albania",-2.64799088840391,1.48180229939448,-3.04891101543812,1.24541198880143,0.882981071811682,-1.4778800745645,1.23323993946188,1.5082943968857,-0.686006715717939,1.20359782222656,0.551078849102514,0.878158794931159,1.79077074934322,-0.572093740985698,-0.505329460495162,0.68556772063986,1.58716226426552,-0.77415715727684,-0.549134130848633,-0.252299826743263,0.145304454764414,0.0852047882472922,-0.95425411383806,0.646082921980766,1.4171847837668,-0.823590444016185,-0.538692460017196,0.613712414866031,24.4
"Algeria",-5.5689564428863,0.200898368551987,1.59897154069396,-0.608877476677465,-0.482511255954094,-0.25396090217381,-1.62495538572685,-1.54352748251013,0.0746672064018256,0.217125464612819,0.33834002385937,1.49912075365469,-0.19657373604129,-1.77741929408277,1.29618802111766,0.916221046013573,0.458375688162599,-0.161079524283328,-0.175393454367556,-1.97519791239522,0.350489422724856,-0.237103434030111,0.796339494520903,-1.28170219559637,-1.34350779104479,0.1834172716794,-0.689365653701671,-0.609247753393499,16.7
"Angola",-7.16038702346206,0.735515686742797,1.78106592465313,-1.11086290415174,-0.196748796211175,0.384285471391529,1.05257228369233,1.5340870506751,0.767095578006703,1.32442758771593,0.746278250244633,0.0146464172904601,-0.343519098525692,-0.623641514386528,-0.826221206692,-0.503688939074347,0.889081931707321,0.425269499197537,1.01616899059493,-0.487546330346567,-0.988188926951994,-0.632468429810166,-0.311123679263963,-1.1694021016778,-0.150450078065723,-1.29439678811835,0.283634319224387,0.43047385285829,13.9
"Argentina",-0.816951994269388,-1.0495242142019,-0.861523508390594,-1.21276718361585,-0.765768510633721,-1.42367063887602,2.45822455127194,0.115174895905454,1.29357322512223,-2.10744395948827,1.56670798545958,-0.611262840557518,-2.04219190918824,-1.31357089364617,1.54269660758514,0.463939675795048,0.741032245791513,0.238491113830668,0.00805920194621909,-0.384722440955351,0.895419698172585,0.491280956252969,0.46042325966041,0.0086909067491475,0.436248981335142,0.0805665600907321,0.0921063920721966,-0.400100234785676,28.6
"Armenia",-2.36339178970681,0.127776453937437,-1.57221656990133,1.06404478105039,-0.795522010443235,-0.903032664537388,1.03802194913633,0.266101358671323,-0.345899301264332,-0.601520157732373,0.302926374419794,-0.303817744362723,0.00640659844579746,0.371488076041378,-1.54234185912642,0.420990454261526,-0.549314990326963,0.649144155001318,1.73624600943257,-0.371301515723336,-0.938271509079461,-0.639469133096983,-0.126620958367228,0.431824277735575,-0.0607326544393259,-0.622167445415066,-0.508039168679594,0.342311251717097,26.6
"Australia",6.80132182659397,1.76032405990732,1.14528161704313,2.08240241364641,-2.45965018209344,-2.17275731233812,-0.602771724763374,-0.152144525766627,1.91972161291599,1.27251799179774,3.3989324593157,1.23531087102925,-2.5690796242958,0.60027713862968,1.23011412901362,1.61828920555684,0.168333506022205,0.800720393502745,-0.299747599489689,-0.943883859101133,-0.319675026646513,-0.0425010927859169,-3.44649484760623,1.65017073807017,-1.30393144816205,-0.654298573476096,-0.25268914390855,0.158332670267694,47.1
"Austria",9.57486666349358,0.490893586487299,0.531527924117062,-3.22875879446767,-2.61314688113044,0.819597507761107,-1.20884644648874,1.47917792481297,-1.87885292625782,0.149682431389544,-0.103935224532994,0.302544800325925,0.0745035250594884,-0.0452438138667112,0.587881481968938,-0.141832672477026,-1.50299008069051,0.688041832501702,0.917260334629011,-0.357422418182431,-2.03287684225728,-0.91541831235662,-0.213568449011558,0.964097744210205,-0.248403892259164,-0.185898520744945,-0.0979568462171263,-0.159872410179001,50.2
"Azerbaijan",-3.38285139661469,0.302944666594131,-0.464528894515533,1.09381092563307,-1.07132059898033,0.120281936274346,-0.52842047477727,1.15546911707126,-0.953557238985219,0.0713956007225671,-0.362804491917397,0.306432076375065,1.80044488666804,-0.773944488159833,-0.875410948330491,0.966381328272234,-0.0592415627122094,1.20595356747596,0.164414325265024,-0.396102410613416,0.229399752097809,0.360154800017991,0.519219990599497,0.513226247898013,0.792156034234467,0.837502407098535,-0.942612674505025,-0.543498273348152,21.4
"Bahrain",-1.17413471403449,0.551588999057016,0.186578617567425,3.24896937811709,-2.80588395323218,0.55907978502848,-0.824900060524993,-0.80747429913619,-0.587771754410143,0.402256180160377,-0.171296563520085,0.0024223507394916,1.07471064088015,0.53814993063521,-0.644649437165883,2.52278395275558,0.571903527327514,-1.21583271403342,1.18035298059508,1.13598259980792,-1.0219987302268,1.29653838391806,0.551122514979534,0.441539336430857,-1.0084172231017,1.08309238645744,0.590393121482614,-0.210959712809664,27.9
"Bangladesh",-5.64503761416641,-0.873036004909166,1.55496470199631,0.316467090219281,0.691789598344292,-0.276486640594691,1.18109999383151,-0.0929806929455076,-1.2047293122588,0.546275091632396,0.914326384569423,1.9609734898427,-0.104131939974004,0.803441181779388,1.70634966955678,0.548606529137047,-0.558487222618821,-0.309919676484387,1.70015977617596,1.22475131471731,0.369452763440539,1.40252945355264,0.492343956575099,0.0541773341456131,0.238925047300134,0.452102243702418,0.153195300320649,-0.954746177786803,19.7
"Belarus",-1.47083545642822,-0.396932098987097,-5.17994869436719,-1.89736701487706,0.0833095791439669,0.60829020618398,0.412447012775128,-2.95485246007944,3.76185448619319,-1.72084840293728,-0.377492649442349,-0.100827928483251,1.83693747048249,-0.316647562270623,0.72540764964681,0.0169793658490936,-0.0274544882081194,-0.85851598449488,2.08036464592903,-0.0043156990906385,-0.33873911268708,-0.427229598733289,-1.05524247556801,0.248309574592003,0.120042444850899,-0.307708194820026,-0.980451503875334,0.247653171114431,27.5
"Belgium",8.32455471820939,0.928652033672994,1.31014585748116,-4.25064267884361,-1.58731079259339,1.10727448057582,-1.58600847178601,1.25102386707126,-1.31104086878205,-1.07063184643623,-0.467413691254715,2.38338517412087,0.617853178276662,0.292957182160097,-0.361590691754112,-0.22217114897671,0.628823943040333,-0.278319094786038,-0.177352969533356,0.283634106315416,0.226997331899809,-0.20392887039022,0.79805206952256,0.986358183002208,0.117587061527476,0.815422889781125,-0.347601763061606,-0.239578344078455,46.9
"Benin",-6.4431293720106,1.78775175156121,1.81827386932133,-0.65364925083168,-0.323544787334611,0.613343070149119,-0.964833009380997,0.127832040183581,-0.629990092544475,1.09457924475857,0.957142551146864,-1.04664637750308,0.370547455558871,-0.543061366664706,0.465114152338762,-0.374287722095385,-1.10457373152728,-0.803045260961889,0.0374412029548803,0.731286936223905,0.20851828539017,0.406809066925956,0.0555450751213068,-0.115032444202815,0.654572323774033,-0.179568252592815,0.903333365198796,-0.672717443732917,14.6
"Bosnia and Herzegovina",-2.35200194757116,-0.933231097013937,-3.3712036837677,-0.840362837906139,-0.0190928105061061,1.50552037467803,0.677936150934952,0.65725588586824,1.20312936382804,2.53691048301685,-1.72156034438595,-1.67530680798109,-0.271448424055787,0.728857032917969,-0.321559500158867,0.114077382452174,-0.462497539230699,-0.303904016865915,0.757888913645982,0.323822963041804,-0.392725989976422,0.201920811203386,0.0720186395461561,0.645275746759864,0.0844981296450509,0.827156115011682,-0.727544943848435,0.938166642422691,28.5
"Botswana",-3.42010793413414,2.56496537859759,0.710344022299568,1.32457070335304,-0.642875557183645,-0.563843344685387,-2.4153940778597,0.0284287495493125,-1.49921151620927,-0.694319288692506,0.962463580047071,0.0504557272144448,0.258933412783537,1.26901850852112,-0.391232223183831,-3.13446708548673,-0.853390957226059,-0.703462561095886,-0.764906734358605,-0.407978739094442,2.33652461086723,-0.153412585171945,0.0852716211369389,-1.60110102319047,-1.98645595066292,0.502106766745397,-0.405894097152194,-0.262035484037483,23.9
"Brazil",0.501839193161338,-2.39331986974189,0.28414556412908,-0.160150251746047,-0.943382276438329,-1.57706636731557,1.27953882584976,-0.970250268733901,1.40789036306642,-0.225766601897683,0.209669337646418,-0.483459153420639,-0.19357092753097,1.0023025396604,0.395155489667792,-0.265236434492519,0.796491401578044,0.724438299794295,-0.31432288588231,-0.590450789359201,1.26861570158274,0.796001814528731,0.393208561344725,-0.971732487266539,0.961237833368047,0.156240488611344,0.277888141959722,0.00321928240891921,32.5
"Brunei",-2.22623310490614,2.14537575202103,-0.249492388381054,1.72228598464552,-2.92785206576941,0.557586490763571,-3.17130758267643,0.0753424563068422,0.11447353433018,0.0953872512067909,-0.193562675029965,-1.77637082452234,1.77976367382124,-2.23592675930401,-0.353092600286653,-0.355657115595876,0.230282714206242,-0.807269435345219,-0.443205348101759,-1.371718063,-0.062946318684503,0.614949216038979,-0.223879701268668,-0.47520065153334,0.431791956586712,-0.178835483012281,1.00826837488264,0.0912588304083672,22.1
"Bulgaria",1.8307431755392,-1.12414817430668,-4.59883900037103,-1.14032436370239,-0.355959670171458,0.5948530430728,0.25741655498515,-0.243020041744171,-0.120662793751582,0.575203061880348,-0.753776719971681,-0.121815468426169,-0.242723178118544,0.730944242905336,-1.74946423351976,1.05006803254015,-0.549032999542448,0.8358317688948,-0.202356491062066,0.141769855539119,0.314978375785059,0.180841117108786,0.564894114534438,-0.390700474882087,-1.71320960402827,-0.116725466904829,0.211573319172026,0.620054262574528,39.5
"Burkina Faso",-6.18204398600787,1.32017034304286,1.38434799184861,-0.826400441976073,-0.391677259404418,0.773851105637468,-0.368117821411611,-1.3218096167231,-0.373652257133585,0.556275362530829,0.810226990675419,-0.744280047352982,0.484662371050332,0.990678378721869,0.735351097508199,-1.26590377879051,-1.47946608174576,0.0910543573951,0.402133660431827,0.397229482624689,0.127592189191023,0.706623800027825,0.0270077211947916,-0.428820622088435,-0.0748268110240474,-0.670750693141016,0.00169344294561222,0.614080942733549,15.3
"Burundi",-7.23516470116966,1.19891743156812,2.24380885471253,-1.72419353028131,-0.175318722158509,0.988822970284558,-0.889522661091108,-0.49496907578339,0.8255723757971,-0.108188179688825,-1.43322743628343,-1.25806270026955,-0.29419195883773,-0.269653075613905,0.336723979105634,0.284366299905683,0.0434138597895799,0.534799338412471,-1.50763492706141,-0.151518266033456,-0.640900848923537,0.201769679537866,-0.0222939203205547,0.437290824489634,0.295570206482387,-0.127297653258796,-0.46906113346924,0.309232847537543,12.3
"C.te.d.Ivoire",-5.52759250992498,1.07396341414772,1.49927361070672,-0.0235188560021687,0.410096125570901,0.783576988387755,-0.00574057720728532,0.613251654840069,-0.814484682366484,-0.150524914440976,-0.0337867178466586,-0.309241124008867,-0.381532806437611,0.729159791493836,0.125561246296257,0.520728833965664,-0.634116385501733,0.44388750838361,0.210088316896902,-0.478909490101943,-0.184451471470908,1.07799604667137,0.615949450945065,0.125973717187576,0.344778885069364,0.0458677908335273,0.38899646289709,-0.169095362961734,17.8
"Cambodia",-5.45065795687456,0.613572715799777,0.869201770664204,1.09602116202437,1.91333266412795,0.333322701355131,-1.48992846828536,-0.347295250566555,-1.2748583310607,1.01670478912694,0.27143004076917,-0.775276958161918,0.83040995731698,-0.0536107791795363,0.452834784268317,-0.005944253851931,-1.14558511655854,-1.03863498485436,1.21638280629302,0.131293062319436,1.60649281483962,0.256930289328664,-0.408446907760571,-0.139261117676678,0.43541074051473,0.707896556150949,-0.559396443591664,-0.322789247142745,20.5
"Cameroon",-6.53065399545228,1.08375767753749,1.92574043168451,-1.11187667705136,0.41581777366819,0.620452418599447,0.0670482595452115,-0.0308830550261038,-0.589668247959526,0.216890814613559,-0.685615939243169,0.00129562242795494,-0.37511210911041,-0.113268318179002,0.475588762906538,1.19273693764505,0.03768964783361,0.350336168682425,0.320011541339426,0.12913037653084,-0.585091726281307,1.31590203083024,0.854488524714275,0.609261342608828,-0.0655435829950313,-0.173136810658886,0.130703864986462,-0.10405838253035,15.1
"Canada",9.5651571642489,0.332618109142217,4.13138546102556,0.942945590016928,-1.25178771630816,0.580839405508387,1.90499425871681,-1.44735734456951,1.36727447190764,1.24474982540138,1.17083011086002,-0.132042323003133,1.44029874186134,-0.904882499844407,-1.27813087383902,0.219039272252661,0.797853971280987,0.159419550031353,-1.26795639159308,0.252046158912481,-0.51810177834142,2.0870661677357,-0.7786401061611,-0.076668944147956,-0.410669211584287,0.796586154477274,0.761872482329329,0.906788565570419,50.8
"Chile",1.67262700848577,-0.617977295358778,-1.06074803723729,2.64061172853555,-1.74679628015565,-2.3483260409847,-0.396770699657787,0.176714209923597,0.241034784146094,-0.959861242657606,0.698264061910532,0.190385122505356,-1.47781987286366,0.935558703067763,0.747417706563971,-0.733552619970764,0.420841411897942,0.54357813666204,0.660182201597564,-0.698053015877811,1.07890624614858,0.129330781468366,0.419867950752701,-0.163686015174933,-0.0948782503137048,0.749530229064441,0.321211528874147,0.970008162427978,34
"China",6.42011214700338,-7.63099130038279,1.59342492289545,-0.921598443105074,4.43509293602975,-1.45548076472474,-0.867252006107289,-0.960968498603628,-4.72215888463268,1.30554949226597,-0.109799402328263,-1.64427150785853,-2.13720945062974,1.40137873271294,-1.86157909480176,0.850832704845509,0.605302446725394,-0.853741096749718,-0.224930426043009,0.155678732951881,-0.159425313784603,-1.20796323305662,0.0587882013020427,0.915229483311302,-0.308440979798682,1.45028723989245,0.230367391642345,0.03581532377658,55.3
"Colombia",-0.584974902700669,-1.11731523629702,-1.52012426440862,0.462203151995728,-0.0124571687580249,-0.443154186370514,1.35074446559762,0.762651374700646,-0.103878452653901,-0.70686029662385,0.798730430437954,-0.0874548251642245,-0.282682875061574,0.259142835698469,0.653458877100741,-0.0245327451062645,0.0429378542416711,0.240262430578402,-0.649060474690436,-0.949455802667711,-0.27980332024092,0.15931570485102,0.511083145152602,1.03669713428826,0.93954041085014,0.571033557625666,-1.10982173732011,0.971757839711644,29.2
"Costa Rica",-0.908058090163347,0.682157306705217,-1.21818013868484,1.46386470748024,-0.793669999505072,-1.28232993747716,0.260277917783008,0.975104679790822,0.0552388116297971,-2.49101636614028,-0.572624993527516,0.795156761091106,1.06191291545937,1.62647883956597,-0.160112105927148,-0.492679020422416,0.140422452042451,-0.341312259932058,-0.471185944940986,-1.95827807291392,0.574226889934032,0.0129414587196696,0.593488760094715,-0.695993361382882,-0.522980485966768,-0.740993071128133,0.899969980869542,0.791155724633454,28.7
"Croatia",1.6222790714625,0.440060223223482,-4.99411489999712,-0.416085117921953,0.0186768573047127,0.404155096250057,1.09008746205192,0.748429835790899,0.131093764793713,2.66798078524138,0.377861476485456,0.829514990914531,0.581400107541029,0.171061412665226,-0.42476810653792,-0.62208845766677,1.76280709653818,-0.671010363181398,0.383277038524825,-0.790799985257686,0.312342899985662,-1.33735553565013,0.175849946045861,-0.313270256725346,-0.279458212459248,-0.313721429844284,0.501897876417641,0.159506720614769,35.6
"Cyprus",5.7816436652165,5.37133039078119,-4.3029717409283,1.32657148208413,1.5123634210711,-1.66420821127843,1.36079433850408,-1.56329824155124,0.707975658001093,0.107448892755554,-2.2758075578289,-2.11729628893857,-1.7685293930309,2.43605002462546,0.275903221447903,2.53599814213526,-1.1641623717486,-1.30341355696338,0.30484029888715,-0.125417562425415,-0.855719954086232,-0.644271656568862,-2.03549505658525,-0.755360790166882,-0.518920234592889,0.454213779076264,-0.93122758985,-0.773624682032232,46.2
"Czech Republic",4.8720396862233,-1.64168304808717,-4.70211103662058,-1.72619121297579,1.4023669455588,3.46871053556011,-3.61431841025331,0.650280842097393,-0.292988851521181,-0.522185081954713,-0.0749089032090013,1.39715713314563,-1.27653574124841,0.113730637821457,0.106916878363576,0.517975782201767,0.688071209993752,0.742888489535046,-1.47951124307398,0.488781943458849,-0.43769429027942,0.227668626581062,-0.0169274586900471,0.698529518332422,-1.12494517313814,-0.355352984264456,2.12720616376876,-0.00367996552798291,42.8
"Denmark",11.1444170892542,2.84031144057176,1.72041380197295,-2.11951077374034,-0.446360276060489,-0.328317692757235,-1.67529212005438,1.05774931843144,-0.993583718873474,-0.857744678057872,-0.489270210694679,0.989472190559349,0.641666812915888,1.14812974707433,1.10015412623901,-0.0141003601269074,0.438918787471952,-0.77806248334295,-0.204712648455164,1.03035151215781,-0.053190024263981,-0.401716775089261,-0.597479706742124,-0.0444637588220383,1.98039059524539,-0.196437991709553,-0.676161829171061,-1.26405657241503,55.9
"Dominican Republic",-3.80582960284398,-0.169064087204847,-0.110450829357647,1.20098729589417,-0.548027952189671,-0.248142591127867,-0.119473518975547,0.897317056711094,-1.03738549861414,-1.53896875537853,0.330184056068365,-0.224924002134436,-0.276047623276231,-0.41701880620827,-0.0254312290390691,-0.535976985810465,0.385175665681095,-0.0311631918886342,1.26827232827371,-0.888683561855887,-0.750815310361462,1.44445141167149,-0.345436567274662,0.0532477757427587,-0.894632290500625,-0.179073886720441,0.200449790872395,0.27174103980529,22.7
"Ecuador",-4.10492482070622,-0.373306575869287,-0.52599988829783,-0.79327918554617,-0.232699490567425,-1.3416365924532,0.920116021517975,0.641152969553426,-0.868079335336627,-0.745506276441126,1.00396250899711,0.130550527871548,-0.569515436120328,-0.951518012142331,0.0754238377280566,-0.163140661074255,1.04401220776374,-0.775260370289891,0.409391610181909,0.318656108860573,-0.769978907996675,-0.474284992845554,-0.1487699793792,1.77250461863726,0.31911935547189,0.668844102662685,-0.285658226910444,-0.00553675526587719,20.3
"Egypt",-2.86365145760291,-1.38518291902273,1.0380790592487,0.990886433706871,-1.08774156570757,0.377377168799911,2.03215520909339,0.810364290428115,-0.876409651090774,0.342379818542841,-1.25351681300317,1.32700183177517,-0.62963778557459,-0.116562571081678,0.342983431168669,0.726765860461007,-0.236261079591942,1.26733100078735,0.61725906610738,0.801463674899592,0.809633907011306,0.66792178329289,0.371068826107159,-0.40396103900959,0.0372885226616244,-0.267189458292355,-0.178810695206031,-0.334389656517899,22.7
"El Salvador",-4.76203357099454,0.270738829024602,-0.122965582797867,-0.661227876524583,0.3476634456974,-0.119135304073768,-0.42762308067974,1.65052261226239,0.92143151000495,-1.83536661105511,0.293859989386879,-1.37349006175862,0.288894222834504,-0.542665147012493,-0.58381684474,-0.685259615603612,0.447339480346696,-0.861372991139011,0.0380729665281317,-0.684164568206136,-0.334147571558496,-0.615838213772164,-0.660845143539505,0.648320181178656,0.239610196686482,1.07109984180102,0.58617301175638,-0.409709574315862,19.9
"Estonia",7.36612440516741,3.86695436618345,-4.79733202333597,1.51179773211382,2.89290346952195,0.461592212454048,1.60157290549859,-3.91762230220856,-2.22243551471333,1.52352381391993,1.51070855932561,-1.44117180239138,-1.76653652756648,-1.31983542696434,1.40163947746042,-1.57137983983786,-0.570780573547799,0.828037347970071,0.214292720908314,1.04493249805417,1.25832763004764,-0.190169327595188,-0.299892420920965,-0.388755601834356,0.821805277354662,-0.327339783812289,0.583905583859954,-0.0245174489842942,50.2
"Ethiopia",-6.54849696177406,0.353054399855384,1.58210093278593,-1.51690922159704,0.833214941680265,0.940544749565028,0.393716737394055,-1.23220095652953,-0.826871691468973,0.692106272642643,0.281111484628433,1.31332013541722,-0.845969336572203,1.28195438728114,1.13310146128836,1.70182111273618,1.00376490742675,1.24181938718926,-1.27118318397018,-0.921222277857234,-0.358095542535446,-0.123772654487057,-0.0324618416264364,-0.657497363079959,0.43585309412288,-1.66230249415314,-0.707886502724653,0.738399254437849,16.3
"Finland",12.135355436439,2.74100432515265,-0.0437365287938075,-3.52013282704547,-1.39644756154487,2.31663717994493,0.836903377581854,-2.07398127897283,-1.84078526522924,-0.898781356581143,0.0450771813499241,-0.0361871631248582,-0.623754575847925,-0.711178479064505,-0.956775895644239,0.57378201328185,-0.847046583065376,-0.944746477220809,0.0677785055346942,-0.117114013574839,-0.507450602428739,-1.10323481788702,-0.0899618959315678,-0.571689045061886,1.33253182027939,0.160380153489383,0.153035239826294,-0.464533400169336,56.9
"France",10.062297645726,-1.59393798688016,2.50627151688097,-2.24329858313839,1.07607949593919,-2.26755375241251,1.01494820231934,-0.810065159790407,0.216858016939342,0.609006721023491,-0.115890083804366,-1.30964351967088,0.107735003058908,-0.763168971775306,-1.01337617738462,-1.31945504742669,-0.641751611546427,0.0534324284673967,-0.455410682747745,-0.520979943884962,-1.09080534670554,0.72711262703712,-0.379404678037131,0.749961228648787,1.01337154635098,0.959819107956795,-0.149307642579792,-0.623046195013197,55
"Georgia",-1.82901481288627,1.25682784983806,-1.50946575593552,1.57849010613945,-0.265613400249566,-1.04438608025045,-1.66532424568272,0.147284448602242,-1.72871149062703,0.366114247066836,1.89479745051238,1.15060257749282,1.3429110134276,0.342505038793751,-0.743857191419325,-0.443999210121481,-1.39713518814873,-0.110731243053952,0.590026999144046,0.258950477935442,0.538252590127585,0.326608964211186,0.18190125874174,0.516217476643302,0.16030025778712,0.169861397706744,-0.0763892930548256,-0.251802460347551,27.9
"Germany",10.4666871059151,-2.9075250943582,2.44922412013624,-3.04773426656376,-0.480130488055704,-1.0426844306967,-1.47361114396179,0.630476456200487,-0.368411955553616,0.76570904308298,-1.12115287113058,0.228475983620459,1.15052498636845,-1.03532673565117,-0.18727263838449,-0.161587978268137,-1.58320485669122,0.811223377943496,-0.813032520095084,0.734812690669746,0.106595528554862,0.375398776031849,-1.6813773922391,-1.07462472319103,-0.222631741623677,-1.59460147777923,0.248275201797879,0.304621790302409,57.2
"Ghana",-4.26702134860156,0.753461228168518,0.438592984026133,0.582300700492754,0.585010210616582,-0.667232166388737,2.10840529299037,1.05013239852018,-1.84140948186307,-0.566910357020933,-2.20228641456705,1.27743072405683,1.24839453620486,-0.968149411030543,1.21220923216631,-0.121144613567665,2.00018118189982,1.40403725507999,-0.285741485614488,1.34584847197127,0.96457316202066,0.570308897386752,-0.389354230821984,1.6141970557045,-0.241080038996997,-1.33680429778605,0.386099964720829,-0.942435508700119,20.8
"Greece",2.14966655302576,-0.188576597353928,-3.62650823770689,-0.866053818190264,-2.17523192983029,0.266195377421953,0.00320670103472144,0.970627478582717,2.14023770899697,0.722330751389242,-0.282796771959103,1.68892393065141,-0.269795270141177,-0.48076507404719,0.148580428113209,-0.333399840786958,-0.126368145939036,-0.597108313184616,0.347170804032915,0.366100569714311,-0.0510426568375392,1.21394056066792,0.598280992267767,0.62371842211196,0.74836010753372,0.608719382708851,-0.14059420130798,0.0992112745344878,34.5
"Guatemala",-5.37194059150071,0.110533768035877,0.58200846166444,-0.224098259442336,0.854180234016339,0.494264617241629,0.801294641094974,1.44256851497693,-0.783244643442455,-1.71671238096521,-0.0694623016751346,-1.05438049331732,-0.166761875528483,0.223485805495929,-1.13436638248964,0.0637756777101811,-0.446653376380447,-0.0158831763141793,0.233628989088266,0.139068790388341,0.151324523677726,-0.353411622690425,-0.120461713760269,0.567876043984942,0.00663545446721556,1.02776921494706,0.568229184084293,1.25466821352855,17.8
"Guinea",-7.62706007017296,1.50677159723781,2.64658515445493,-1.37991955377324,0.240670008391242,1.07664870318523,-0.284878563659084,0.829703236017295,0.785600678119214,0.862359935667317,-0.254979012603902,-0.871883010063108,-0.655045993743941,-0.75638869175477,-0.913966714154859,1.09518609962957,-0.343550380869771,0.673646323258546,-0.479241999283691,-0.303492067450704,0.685607803590766,0.19958249885265,0.252520779748674,-0.365412710483415,-0.213086655100004,-0.194875735522246,0.0627630052330415,-0.715332494501206,11.6
"Honduras",-5.38504467274307,0.984886769093936,0.691263981403755,-0.879815843926314,-0.280624748620787,-0.392723824763427,-0.721483512650859,0.343542364157405,0.3866951118809,-1.62888819579072,-1.11902454701801,-1.11303817574884,-0.316132543006504,-0.265098935390854,-0.552653091321674,-0.96783413792712,0.575807391259609,-1.44426955225712,-0.812340053436364,0.0445419419952565,0.222166911563734,-0.37038292346122,-0.297516767442006,0.491746805400361,0.102713747476611,0.483959475651741,0.0528846388952555,0.547735306959345,17.3
"Hong.Kong",5.43079467627355,1.68431874198161,2.84666191805975,6.86937580192112,5.16621686365772,0.80730138748474,-4.27702200378032,-0.717331940502912,4.10794169953563,-1.09289371316789,-1.28268430943087,3.90311477155142,-2.92610981665849,-1.10630373905966,-1.7096117645646,0.328429881949586,-2.27375087614262,-0.550972257972324,0.115445422093301,0.490003240865358,0.575083578819797,1.12035171655665,0.90419462330415,0.815450975712353,1.31837105779503,-0.230609574937808,-0.73298309920571,0.550433337358243,51.8
"Hungary",4.04390192831086,-1.37694689045783,-3.55239792200684,-0.666213035284386,1.52701420892021,2.36598375024192,-1.15977096738131,1.29062390732544,0.243936439013112,1.2348824332591,-0.568211670522282,-0.700331303341502,-0.765395906113291,0.473872119235011,1.5626630803097,0.240257083311672,0.79373633291154,-1.12181116630998,-1.05735879926916,0.613063600534019,0.143012319148931,1.29131173671877,0.0509914037545623,-0.734865669847531,-1.73121120327388,0.0588072387466007,-0.586566938440651,0.483725977303076,39.8
"Iceland",8.18274268228943,6.90013745972278,0.609960684818538,-0.912113188237349,-2.22102794043056,0.871964363916102,-1.32355766431699,-2.26357064680627,-1.21936081953419,-0.815699682108598,0.580625610890231,1.02589204951395,-1.23779228233335,0.595996582784793,-1.84914459709816,-0.0728645093123882,2.78268987551399,1.73540568671773,-0.0441671050288748,1.28524665073268,-0.372553534571347,-0.398212167138054,0.899826742072327,-2.4316667577966,0.638479903843224,1.97054158431695,1.0085463624806,0.242006271908814,49.5
"India",0.600387466550143,-3.0362678348615,1.22157291946615,0.15262393368192,0.528690294317467,0.252273987751902,4.18340625051967,-2.4788132253668,-0.278920527210264,-0.210063982482495,0.224028435599776,-1.39823541501915,0.132816905862738,-0.224919828475083,0.898085653652779,0.0275503703912791,-1.02651409235261,-0.727763858439908,-1.12594619160558,-0.87275088267115,-0.709473106806245,-0.33678783141132,0.78142422071691,-0.98051206297899,0.835969868184015,0.44008418667308,1.29778801505752,-0.00491364496705179,36.6
"Indonesia",-0.892207019713022,-3.91520115069487,1.17847168764836,2.70044547985775,-1.28653604680521,-0.144880867978236,2.50961482643866,0.687879365492326,-2.23825498045857,-0.202208712378429,-0.832852949041969,0.426338536335668,-1.11930275690661,-1.9219818027201,0.860460613852176,-0.373456001002679,-0.0834910992695676,0.197679405766114,-0.188948652808465,0.588892044979199,1.05717193213605,0.334067197048903,-1.07599403674764,-0.995598165989236,-0.247299931542066,-0.0464389584749479,0.562249420723045,0.963425015722429,27.9
"Iran",-2.3618359973586,-2.60907112643171,0.996111078552802,-1.60251568865029,-0.860892205295628,-3.58090717515927,-1.44835999534652,-3.00040312204593,1.59189461784541,2.15956709941023,-2.12218596656491,1.28920454151011,0.106775011494532,-1.6170289343691,1.82945329901164,0.854899052324649,0.417097707976907,0.392782380813773,1.91099467452586,-0.302992145124619,-0.0671269554177042,-2.4866384042791,2.3712348654307,0.835373409624096,-0.980216799575382,0.45893222999629,1.13263984884297,-0.241662042077374,32.9
"Iraq",-8.26309104354279,1.03897115967398,1.45128251760378,-3.15816824022872,0.228677769330333,0.147875720864775,0.969365285877238,-0.201345119895564,3.99303255109316,0.18728834278894,1.23882392950635,-0.198158676634893,-1.00829556015934,0.20807447959618,-0.710285854593688,0.231848268034518,1.03490410523096,0.642011086186332,0.439348080977456,0.88389320804795,0.785612969037472,-0.867838988340908,0.611674992155721,-0.324206991560603,0.0771467400671879,-0.479075285062573,-1.2351610285875,-1.69205678955022,11.9
"Ireland",7.64536014087009,0.957824010006413,0.985859534142257,-1.00678490172626,0.621040627082883,0.431330274612734,2.61076074767127,3.47446345527022,0.499893817395872,-2.99675624103335,1.6650097597568,0.709712516628286,0.0927525872851691,-0.889464824801233,1.2809916540418,1.298105749808,-2.59350602626009,-2.0613067379698,-0.689247497997539,-2.07568479799892,-0.71235949864917,0.977132103687014,0.444720711603261,-1.62350874275208,-1.04863242094665,1.0445883250367,-0.518444023389889,-0.97494921997912,48.5
"Israel",8.43298897939317,2.7119348381849,0.151370354949398,-1.14035115604502,1.70880062076178,3.70553844002348,4.10974697512409,-3.16964915077154,-0.546945908636682,-1.44738303166919,-1.86459084098686,1.94369317764608,0.531947581956715,-0.748832631545252,-1.59152009745721,-0.354934700998153,0.107646520835509,-1.20826136088589,0.962222117710256,-0.834490599684341,1.3403465318986,-0.275271895169616,-1.61870131662095,0.32009534880563,-1.71307626528284,-0.720504711741208,-0.139028235091907,-0.325941905757866,50.2
"Italy",6.27777923830025,-2.9574953359511,-0.52813111085348,-3.04621031856854,-0.518146143443126,-1.43113750173212,-0.0772756270776676,1.39474607188463,0.768756768877129,2.77054541453259,-2.03596714247671,0.122675097949941,-0.287396003832438,0.927960187451023,-0.695349837256318,0.094613641860634,-1.21527514468605,-0.448811226541934,-0.594337785398324,-0.138120295925858,1.10311865898285,2.13069892095828,-0.48439825567723,-0.373435771154968,0.136638707675556,0.766654535579364,0.328377249296892,0.0639227086080564,46.1
"Jamaica",-3.1427560562715,0.664934915153281,1.53381889916587,0.770167280657858,-0.798613836074906,-1.4481207716717,-0.628742817513464,-0.409206571148992,0.299720504846856,-0.224216265075983,-2.41151131255074,-1.80527236766673,-1.55913194543172,0.959800377386105,-1.08560520105717,-1.10734645457336,-0.796939470812607,0.108350354226293,0.0239658071907863,-0.929673852214381,0.206027748223109,0.246370991112841,1.39515157041127,-0.405030636912563,-0.791478494035125,-1.29443115420168,0.220507870372585,0.266899040669161,27.7
"Japan",9.14026774406383,-3.6423760827899,3.50797482733757,-1.61610102297531,0.855725161345164,0.239754822773951,-1.05102783666125,2.26822001332134,-0.133494925708264,1.48282165065145,-0.248883855881282,-2.31527334577859,1.77632278592969,2.05341238524521,-0.499004834762591,-0.397344746860175,0.53301015916512,-1.0616217312724,1.70636339203408,-1.90960258286129,2.09687560544743,-0.184882525886047,-0.586625705203276,-0.926509928699715,1.81825829517083,-1.24570972720526,-0.156330107328821,0.0246838069554955,53.6
"Jordan",-1.49088100541691,-0.0274975971468311,0.453493841068476,1.89445068878164,-0.488918880039167,1.06138088799847,1.06972358200634,-0.24993814532494,0.0435666655980158,2.69046574835629,-0.584760203309817,0.778616928923156,0.01883935252285,-0.626740449028929,-0.826287675692318,-1.13099133995022,-1.10901901768735,1.26120192184107,-0.714954443061598,-0.901017934985471,-1.03825055203596,-1.14908170496373,0.0613430013230878,0.215084897059403,0.304803727822775,0.100887733042941,-1.00425633378033,0.201586355358413,27.4
"Kazakhstan",-1.45910925360623,-1.61849096443097,-2.22110624180128,0.76473584167588,-1.20976414775708,-0.40713809264761,-0.798756116818565,-0.632477194131739,0.462515092209333,-0.706098603298042,2.10539241560242,-1.18706798650371,1.54158687260116,-1.00490962487918,-0.626618391390648,0.763706039839733,-0.205573152502825,1.08073881448715,1.18975457455577,0.306647101445221,-0.675730636615312,0.722247749310628,-0.025662599459335,0.143824215376735,-0.190245392051786,-0.819303772261612,-0.321916538563575,0.950083799172133,24.7
"Kenya",-4.44735419595562,0.196266439874011,0.927158345410509,0.0871626876734002,0.590703821325247,-0.0705658483612208,2.04510887520334,0.747753641611322,-0.93704665143293,0.871692626849775,0.714256258295557,1.05887564168321,0.284884359075945,2.10026433448549,-1.38916818479314,0.939595786488727,1.10422141685736,0.998830434372409,-1.06339163472795,-0.765987100250093,0.0102935963247189,-0.9230088255263,-0.03633820577811,0.32902363737285,0.241320605570947,-1.02265370302648,-1.00986921852878,-0.61986748381688,22.8
"Kuwait",-1.41743267290091,-0.34583404679838,0.242205568204785,2.0140981199798,-4.05115183000502,-0.362078115001317,1.03636933768443,-1.39582958083111,-0.0299489833115192,-1.64421619920107,-0.80373822436501,-0.763210972918801,-0.599216273309798,0.71603703672294,-1.70377445995792,0.958195214871111,0.561842044982054,-3.17534712037313,0.177328451232667,1.18525661695893,-0.230616190283254,-0.0729524820795634,0.608040609169503,-0.0706714673290651,-1.19412195222198,-0.492654041990059,0.568007910495713,-0.384954554700759,29.2
"Kyrgyzstan",-4.68642901172642,0.379986763624277,-0.533248637769608,-0.258920067865906,-0.444738715302736,-0.58638619165565,-0.603546913075887,-0.709457622122972,-0.571925110305195,-0.369614401776736,2.07177335865318,0.243876850809104,1.58343664389137,0.465840519151981,0.00765242334216633,-0.732218532427087,-0.631236780470595,-0.477489039908343,0.714492196998829,1.42669388350786,-0.0137735569603193,0.0948861061346182,-0.0953810055220845,1.11589947146984,-0.889632717021009,0.834158225382391,-0.523624509536871,-0.31321808315763,21.1
"Laos",-5.81846552824503,0.139311514001507,1.0351114824706,0.365254153942787,-0.104969362560635,1.86383877016896,-0.477682097086699,2.0207074423437,0.685275070745001,-0.263588610864306,-1.41595900189125,0.290310995452354,0.824089348339445,-1.56076960705168,-0.910863395063501,-0.652294343899156,-0.533641495487359,0.53268123811753,-1.1317458380304,1.10115197275179,0.605521355697022,-0.608416596926519,-1.58071179384749,-0.0647855253169886,0.13773817560784,0.911707966503949,0.0688416478351458,0.0162810008122914,17.4
"Latvia",2.39536525003779,0.635743015213397,-4.28868697813167,0.54648458631887,0.83272275071892,1.23827040713526,-0.347571706486192,0.680120881500695,-0.798636347293909,0.00986716697585835,0.603088062341103,0.661915666686147,-1.21746630306508,-1.44832965357674,-0.646437826022493,-1.11706669046214,0.30289076323569,1.10508424599919,0.064871423991302,-0.675828886421937,-1.21749237997455,0.629180143262963,0.825882602395096,0.0507656013176539,-0.627764856233953,-1.16802938101987,-0.753284624799801,-0.113707493332851,36.5
"Lithuania",3.84887810784953,1.22865527559383,-4.11785857365238,0.563996726416526,0.517886296955665,2.81912544536522,1.66768542745931,-1.5222853421588,-0.313075537438129,0.65533421101301,0.264576253115285,0.443507605483306,-0.990162057935479,-1.77640706264219,-1.61638454534112,-1.91288516114173,-0.727521407201294,2.20514584520636,1.40762027674018,-1.5441473884411,0.259607288656281,0.54229895514122,-0.239106430709179,-0.236620610871493,0.560388861248086,0.878825991255606,0.0888647922863638,-1.03668699307924,37.4
"Luxembourg",8.00531672046194,7.02630098517623,1.22167823829351,1.40404448035585,2.9255603260818,-2.23432465634875,0.130893047645489,3.05848885740295,-1.1839692536852,-1.20606366585124,-0.442492811988517,-3.96243031954905,-0.323692820464047,-1.92692163045947,1.31737734298589,0.549517699000016,-0.595347435628053,1.72163319705263,0.417131317484267,1.69345481430647,1.26151354473962,-0.325964011055843,1.15745259503571,-0.18622327108156,-0.736326710069376,-0.267387096857411,-0.908931143069218,0.925787334996846,49.8
"Madagascar",-6.65137433246573,0.609084867693394,1.34788458358218,-1.10384954972761,0.355395124925928,0.363472943503278,-0.261308841301522,-0.129175289245212,0.670599527002956,0.56476845635464,-0.697546705089626,-1.22128638548894,0.0815774000303597,-0.735215492207292,-0.181276368876251,-0.130732090444638,-1.27432600243439,0.959862925828672,0.0997358840222643,-0.267940039658237,-0.169602020777644,-0.894888824988077,-0.227322236199026,-0.864561436037652,0.157385747799678,0.390843295420675,0.949343436519814,0.965400496096602,18.6
"Malaysia",3.0641401026973,-4.28459052214297,-0.252343594384729,3.24131338057693,-0.535948045521336,2.46763151089746,-0.602061759766696,0.646339846259842,0.681628736867383,-0.290384846198514,0.137104586876668,-1.30096281274381,-0.0841044454711872,-0.0543795557751377,1.31379791297932,-1.16502976746698,0.362628814388125,0.0494457781774226,-0.655215068209502,-0.0222228114723421,-0.527546863475241,-1.18935510479406,0.515944656341843,0.584427971886744,0.735706214541176,-0.728706378789488,0.120198291812542,-0.255903513525529,38.7
"Mali",-6.49947176560552,1.0887403835302,1.84242850352028,-1.37001610440307,0.48238872790832,1.47204014548282,0.136605266659362,-0.357481604977607,0.266727666831435,-0.237252205547295,-1.05833146399172,-0.50062076309133,-0.500565888548876,1.13148141745668,-0.121680616132099,0.753704413854071,-0.663576657856823,0.432665925496861,-0.233131668288174,0.063128241995564,0.0886542805233886,0.735178324507381,0.446828788395184,-0.411856204833248,-0.117341482092906,-0.292138089246714,-0.165982251939756,0.275355684841992,14.2
"Malta",6.12448261859739,4.71698986657075,-1.05659209103026,1.69023801829047,4.71898001400371,-5.23582419974188,1.16593158374522,1.53329937452707,0.560232052304221,0.547451145197805,-1.38112278524494,-0.022033351282906,2.01307873006021,0.573023640543226,-0.234750662363886,-0.999169335988133,2.53496457392146,0.209126248148209,-0.991917873978724,0.303009118173533,-1.64013060595112,0.413978206199688,1.17343059798462,-1.22726937466549,-0.540610901265396,0.464494578329499,-1.03217413911337,-0.261216399287935,49.1
"Mauritania",-7.30372540551295,1.4187217336781,2.28441880085358,-1.10810914425721,0.800477258282396,1.09010318451186,-1.05734074352235,1.02491521577316,0.27325824833173,1.08254560441165,-0.612439663934302,-0.464907768508394,0.317425535893238,-2.65476186591898,0.431785838750248,0.551238594828682,-1.07760779707753,-0.330135990158703,-0.835720053708651,-1.18944361819996,-0.578677141952502,-0.780142423701693,0.703517312134783,-0.0955770059590281,0.110919687170021,0.644358673999897,-0.120591836982537,-0.70454202843574,12.4
"Mauritius",-0.376710097948144,2.42939000737102,-0.502143476941275,2.99807838678599,-0.144459373989565,-1.41141033253263,0.22355208968624,-0.779226894088829,-0.16587482488244,0.162194711157409,-1.27761379334464,0.368350436111403,0.646307782542622,1.0997216908367,-0.892728471686569,-1.52697502180644,0.304779974348008,0.722701006759549,-0.337101201953905,-1.17767501742941,-1.40490090199148,0.0551096291347143,0.496654493048671,-0.303491603674045,1.35771038167962,-0.412687121559716,1.87966714134015,0.00628585420082484,34.4
"Mexico",-0.182181763141392,-5.25789078497516,0.0139465311243224,0.920540071543636,0.215096408026538,0.952666728926582,0.242427097390022,0.290884744005045,1.46950920039311,-0.29665173597949,1.28787307762826,-0.28516031091319,-0.327590020916738,-0.193992952132967,0.306156514335195,-1.79683372258281,1.10126189642102,0.155212939812907,-0.849792659301599,0.449486041340732,-0.489892563340555,0.838892312082512,-0.854263462414423,-1.1319761674819,-0.408862063662052,0.948013708355163,0.435924762192185,-0.018725272911972,31
"Mongolia",-3.54486876365395,0.756788586129298,-1.90690541591159,-0.757870468024402,1.60998701894662,-4.59072404029639,-2.90637812671294,-0.942905556200236,-0.47700614315251,0.105616565989365,0.347696679913205,-0.634659480876785,0.30790173152981,-2.62907117931219,-1.72965076665363,1.13962339671198,0.0835785204075011,-0.689026518532398,-1.14861077964386,-0.48511417709063,-0.409138982412534,-0.843942311314653,-0.0257120697864554,0.297694015401499,-0.0922872499794935,-0.437216590187763,0.133013939338643,-0.438506861792886,28
"Montenegro",-1.21818584786151,2.30202356464925,-3.08637180768668,1.09358812686485,0.21120716701244,-0.67516439823368,-0.830305070165954,1.71292503898345,0.60261376461449,3.74655651106618,0.563051289156099,1.14165617572568,-0.280905344605996,-1.24576957012061,-0.482555430633954,1.63488442178354,1.29227586378092,-2.30030126680825,-1.01941504487798,0.773721491411861,1.23342425880679,-1.328645024612,0.290190113020257,-0.701373483020858,0.651270722082104,-0.593247373090307,0.290424903963359,0.733599237036209,30.3
"Morocco",-2.1506273277276,-0.997462775641629,-0.404206826431383,0.342668456308044,-0.46966629495985,-2.16746026938279,-0.0881854921453477,-1.44582597574386,-0.321198997539718,-0.571404064327188,-2.6469024730539,0.386090271326106,-0.665385910411887,1.05389204811114,1.06508803251604,-0.879681729576831,-0.827080795447897,-0.0970468742635379,-0.876671573648924,-0.515564363207337,-1.16732893685767,-0.218590630755187,0.888464670841634,0.577286453823648,0.103333011509911,-0.379581812959797,-0.347030301960214,-0.582755019084479,28.8
"Mozambique",-6.3862959490635,1.23722775329127,1.19356893132236,-0.909292302368515,0.727445661453769,-0.333896669605496,-1.07862718839982,-2.23992709854978,-0.671451706113517,-0.754058828946945,-2.07241366759026,-1.16188807517236,-1.12824132211,-0.212730908273754,1.83509615173827,0.533728182964779,1.57490849245468,-1.00019159351773,-0.782533213622084,-0.899192112430035,-0.0385984571537698,1.47611602852058,-1.75806101192089,-0.0135546854157109,-0.427690853974319,-0.545079130826784,-0.476820419181876,1.87878438910487,15
"Myanmar",-6.91503802694204,-0.263996808127939,1.23386803438369,-0.708449189387259,1.30907510913853,1.03327512357241,-0.21760256645091,-0.533293058846106,0.855817854676909,0.650478240351579,0.0144111106451518,1.22918658596768,1.24599743017112,-0.751658153525704,1.43318032589207,-0.172492749032625,-0.563002480550964,0.347074097073568,0.116411020007857,-0.0695176794841444,-0.788478267020936,-0.825896784562825,-0.998953257561396,-1.21236284505723,0.297178281825787,1.01737544343768,0.695887941581779,1.99488315853249,16.4
"Namibia",-4.19563404639169,1.40687118744407,0.771943010844509,-0.242959929067635,-0.709264904274945,0.45358902781007,-1.10947265623131,0.356593660948717,0.120152241805787,-0.890591900461818,0.312089203915788,-0.152658412214568,-0.269168741976091,0.990516826747292,-1.2261414222776,-1.42251259763691,-0.136662748490286,-0.210788523033567,-1.24710385641813,-1.34014064079888,0.639884962009049,-0.857971110467078,-0.763497084477929,-0.013969725875759,-0.37665190144511,-0.190606624075197,-0.96062315269102,-0.738441222403668,20.6
"Nepal",-6.36389442703233,0.653987030569553,1.60629254915249,-1.03094254153067,0.862566106673827,-0.34319254870139,-1.10514273321693,-1.29009212293634,-0.751863465365453,0.474275782793816,0.850891584187513,1.02796586742421,-1.3255863965883,-0.764731607628635,0.917623430310612,-0.432203675149555,0.486327647627033,-1.94732205406586,0.594685520154627,0.648963693003365,0.119242223167506,-0.199896157291436,-0.132245599470699,0.0670559044022867,-0.150113035448259,-0.261924502946761,-0.0849641012192113,-1.13127813064852,17.6
"Netherlands",11.3661612993279,0.142563710146989,2.36935522940768,-1.63875733628416,-0.0237317855619023,-0.0868777171084905,1.61670838941977,1.90339210263524,-0.228679032790958,-1.17382778154907,0.730485495715217,-0.173874710079901,0.133203471483616,-0.68274778542561,0.932329617852369,-0.908314063804183,0.399164547583798,0.432294619810221,-0.214231510884708,0.130230049035529,-0.0327722798657048,0.316126173435209,1.60673290800773,2.00565451325774,-1.85661336860395,-0.394802185504077,-0.421623122873049,1.41629767387562,58
"New Zealand",7.33518871236732,3.33445669761294,0.478929190882805,0.440443526836932,-1.44182333675976,-1.57914092073137,-3.14191662045525,1.23355281961066,0.0640170794590573,0.0587728613572004,1.47348104431089,0.310437500446965,-0.929404142319106,2.11916224934621,1.35598596730822,0.622435819979915,0.583271104245662,0.992539412750849,0.442168481418916,-0.607367738342246,-0.566622134998545,0.029851116407104,-1.99565452743551,-0.704767986948548,0.926028900895411,1.61796790873364,0.902018669629757,-0.578454576360679,47.2
"Nicaragua",-6.73541908169884,0.76291414296117,0.612747412937943,-1.82296073509076,1.14879530967632,-0.233322311885436,0.0861696964909352,0.0368613947554381,0.565454774404725,-0.709069941300124,2.29523258466689,-0.405064408553678,-0.448405192072256,0.362212621355475,-0.531124697764497,-1.02797834535762,-0.404743716109608,-1.76182911250291,-0.546545003043425,0.493217507484232,0.346776723140786,-0.613998139602836,-0.844752958912219,0.808269589291165,-0.161927396406063,0.572440360360134,-0.583766394931714,-0.742705624471745,18.1
"Niger",-7.44980804135039,0.632842184739799,1.11796215832453,-2.01492391047599,2.33239464222978,1.62003817924032,-0.240597915394122,-1.41251668841567,1.90927088155094,-0.199938623974954,1.44457664460354,-0.280858732262003,-0.756286503811522,1.21239712485763,0.720654735416119,0.0275719356270735,1.17918970300791,-0.344394999799238,0.120674345338715,0.183146884637281,-1.57683488617206,-0.430599041727147,-0.0974665650783706,-0.412156423092882,0.874131491293283,-0.682526223467346,1.28896915859292,1.13342687714803,14.6
"Nigeria",-6.3672779028282,0.396087428536615,2.00272094354726,-1.03449403131893,0.740397145317311,0.362828461489793,0.334230021743971,0.267129851639464,0.67292915312287,1.12174032687026,0.461868768364156,-0.632444734032961,-0.149335149079406,-0.444792803858072,-0.856666542026684,0.957936517332393,0.491747912268296,0.18482296194986,1.07609276806765,0.348802627551871,-0.216550277871617,1.11881575104302,1.28736935451809,-0.15374065219601,-0.249789212684796,0.82213406886142,0.315209776127735,-0.195338821587385,16.9
"North Macedonia",-0.970358312597872,0.102825460325894,-3.50868003190249,-0.0269341620822729,0.185302713910002,0.874149192550332,1.47765508672592,2.92063881158213,0.814163910947968,1.28230723461243,0.69568014050954,-0.471428708354104,1.06687650271906,0.432860527856765,-0.699993985556816,0.260623871427638,0.201063296986046,0.0143412712682946,0.214649657593303,0.198660897827744,0.907363126228632,-0.548299225159384,0.502703869191169,0.320995367995554,0.397996026781563,0.406604984229748,0.550112014168523,-0.22340361897403,28.8
"Norway",9.2859428946905,2.40860459730379,0.914184916623713,0.0254173352010054,-3.49172599756908,0.557322833979304,-1.69753050132237,-0.399107093065845,-0.321721857879493,-0.0512830980075683,0.552590896155167,0.174283750315207,-1.78815678952266,-0.13538113896853,0.438624025667703,0.346522998135551,0.187119413991947,-0.961535240440889,0.29676656265158,0.719315399852375,0.300538134798988,0.397825451103154,0.611542813222896,-0.867643773319746,1.20225870909864,-0.723586356742752,-1.10599548952241,1.84250828669552,48.8
"Oman",-1.27212738151381,-1.12430013001404,-0.749268494593112,2.70139930465878,-3.17693913671218,-0.208223395868353,0.0319793854054397,-0.665961084776612,-0.854848937378514,-1.48196198340693,-3.03037030750297,-0.727154434605853,0.435808028343676,-1.55641212011832,1.46484509490689,-0.820318361200621,0.625288945396874,0.360718487765647,0.340372194195934,0.527687954864787,0.508099236599455,-0.275941787511547,-2.07209191614236,0.374925512388446,0.489168484072887,0.340059661373017,-0.537458869643328,-0.0865129568495032,26.8
"Pakistan",-4.07087442236546,-1.03023644926816,1.27848089708325,0.260947170940205,0.0780850795056149,0.734440096498483,2.19885195019017,0.205935062253289,-0.525455933284374,-0.168575959196204,-1.28650484415276,0.568199529876743,-0.817094271148128,0.806789140437647,-0.15372378595882,0.935664181145121,-0.648228586633042,0.72377237331488,-0.0321212278785179,0.261007545169977,0.542949775178732,0.0893819277820879,-0.189657059833353,0.504229038067252,0.67707120524607,0.420430517646957,-0.203418471571958,-0.118098857251014,23
"Panama",-2.22750893583685,0.151394831204198,-0.12080388559657,1.73292854545801,-0.133956383223478,-0.824585832407132,0.123206751824179,2.27809432683588,0.311453880797143,0.637876726351153,0.0197212753844555,1.23245616058245,-0.467429122496873,-0.791101662870609,-0.785161905271685,-1.78490238742267,0.742374783231735,-1.70297041345882,0.98998157583794,-0.982471081987253,-1.31271453249282,-0.416308135539433,-0.35887508301855,-1.33373569173856,-0.643065366050037,-1.52013327036947,-0.0616704284927476,-0.372552986097147,25.7
"Paraguay",-4.64526463286186,-0.7015854959786,0.272468265461901,0.428995629331317,0.922642708431592,-0.368959776003974,-0.809143548823974,0.718134643516316,-0.498645096428456,-1.74221485713403,-0.0249579081058281,-1.52584832147964,-0.913245807163812,0.627748800357006,-1.51573311142216,-0.421665544630012,1.59847447672236,0.282370553193825,1.80129737872257,-0.422840856356189,-0.69475774072256,0.00038363467208892,-0.614618148743238,1.52873823842733,0.00910668934382003,0.60268562967384,0.949784342484322,0.862923941997089,22.6
"Peru",-2.33246809894606,-0.482867989534754,-1.37871908083617,0.66790326851451,-0.385551869620888,-1.8187684453369,0.857842140644701,0.231900101135548,-0.725804545489243,0.394133411965181,2.01269105004206,0.142487918666188,0.423102491089738,-0.191410791465401,0.225386421645786,-1.6243219810348,-1.41456603706426,-0.644168338188885,-0.508745649241053,0.360750301435444,-1.0183238935644,-0.277555290899593,0.0917560412902321,1.30495328243684,1.25370593249746,0.334755445711683,-0.845561595991456,1.37113940223685,29.1
"Philippines",-1.23171171304015,-4.25922841491375,-1.0129853924979,0.536503801316652,2.54981052124453,1.47725592830799,-0.136649557410693,0.990028328792545,-0.112432420852827,-2.759773105293,1.45236371367701,0.778315235181951,0.296342496561021,0.926284603504935,-0.125036222494763,0.787483674004924,0.300396696511221,-0.097639122625013,-2.17158765838348,0.757205343904587,-1.10344636660038,-1.11910305151028,0.182311792859844,-0.398230873857809,0.195152934598405,0.275844656376557,0.848990169625321,-0.416686815503529,30.7
"Poland",3.06743297793881,-2.42795486826915,-2.21222911233781,-0.263062961012574,-0.351938143668148,0.413088121500777,0.29132049561511,0.695851091403855,0.858726287102408,-0.582861824209052,0.628186866116015,-0.0472723209368504,0.144796269180982,0.257692189292692,0.41910149173068,-0.863960490965839,0.726381187681269,0.452328872370965,0.433220252018514,0.722783312216979,-0.165815783102654,0.903233881733877,0.407825606196981,-0.661029719699856,0.104858694091434,-0.657628066194162,-0.750806199251376,-0.0662318515846397,37.5
"Portugal",4.92522076328121,-0.24798210672775,-1.55292746590783,-0.671761362892223,-1.4914825299632,-0.97658641852896,-1.19084263930042,1.2921561503083,0.620667805212936,0.0739548555809381,-0.736961117411528,1.03645786480571,-0.80506686021206,-0.059628861760115,0.874818502111043,-0.698108152903663,-0.525138928741897,0.278857909906184,0.170467732368599,-0.0684499683605416,-0.316813284051372,0.142007427786854,-0.00618769234811465,0.389777310467787,1.06944267900573,0.295072568543091,0.159819927422615,0.0675306130412782,42.1
"Qatar",0.758365387894437,0.112368012722633,1.05309167090224,3.80019804924378,-3.65280930509512,1.34264519695859,0.578960915729443,1.28461900161679,-0.396175269227337,0.888422796989449,0.225275130974178,-2.14580904758346,-1.04984686548026,0.363732155369156,-0.274062064335919,1.67985889265356,-1.65804717383781,0.528420414969655,-0.167301404636409,2.00832560781395,0.415333559123986,-2.29805031740459,0.0582223213477028,0.219352120337102,0.647173166639338,-1.02149026934688,0.735392317074195,-0.619147372077984,32.9
"South Korea",9.85562740941029,-6.49473206654422,1.59524399349511,-1.81035180863503,1.2630323906632,-0.634364487392163,-3.28698043024057,-0.88657357206039,-0.177003706107097,-1.01516394227562,-0.897692708083644,-1.075795269915,0.70380200859966,-0.709027103886064,0.120157726454967,0.341169237052795,1.01198520590221,0.393251116970238,1.54273622568437,0.228839113592075,-0.0168470801249193,0.579737556978458,-0.42422497958337,-0.932375090251399,0.681383330628617,-1.65543404714772,-0.276838481010069,-0.986804181262596,57.8
"Moldova",-2.18624035863447,-0.369177361075779,-2.63350590926386,-1.0444879934743,0.779792169154277,-2.99981012505396,-1.11942839199869,-2.5624610810563,-0.930404285377113,-2.0074632238942,0.148844226775889,0.138307510190401,1.91675977884691,0.454040465117006,-0.598621721541147,-0.38583991383208,-1.77104373258219,0.671840795444389,-0.0456940398735919,1.19517603581831,-0.492672108759075,-0.293320659645219,-0.498796030585423,0.260111365793374,-0.167976081333535,-1.18389309097525,0.643370941205356,-0.218824740953354,31.1
"Romania",0.601450822689467,-0.798574666929337,-3.68151039134928,0.107012350724504,0.201102385549721,0.577287986536343,1.09970713925014,-0.114020738360463,-0.558269424217337,1.09398831745725,0.966654943971077,-0.179377461552248,1.05837519512999,1.76622477306094,1.62897260879719,-0.731335813598791,-1.79057422564184,-1.02649629054095,0.373050043061473,0.676896069340656,0.517862969644165,0.212985523055945,1.22772299788854,-0.971578019489882,-0.141006676163257,0.306492529450586,0.80355959381401,0.281095984373401,34.1
"Russia",1.30173960475977,-3.14681732076088,0.138773801645533,-1.3022271244292,-0.661129667941914,-2.16588559251026,0.145595562618822,-1.16133487804077,0.951824116778833,-0.889458504284208,2.76367302716459,0.125689915502911,0.807702526053751,-1.30920986923957,-0.012095356974203,2.25093112472751,-0.0705876868051174,1.65162611839221,-0.0137318379125621,-0.579722957833808,2.11170389121851,-0.662250923614514,0.0635543291898494,-1.32729566680815,-0.199291293332405,-0.199707589268659,-0.561084403013905,0.112872055132924,34.3
"Rwanda",-4.38715536019912,1.40576261184868,1.28543547719954,0.417641704910891,-0.0766268414698685,1.05373034747675,-0.449744882906248,0.114359419752277,-1.34399042318386,-0.0360737391178257,-0.743962087513745,0.307089408148038,-0.0198625994521272,0.543543138655952,0.127425130110929,0.101232612991981,0.138141535993358,0.89346736758024,0.339856226900854,-0.680126786636675,-0.973357999090636,1.25789923309215,0.254823510692461,1.02681106800536,0.411302811973598,-0.0602273032673059,0.640766983369713,-0.655631263068752,18.7
"Saudi Arabia",0.397197649792931,-2.79261726382543,2.86177961562732,2.62258307646007,-3.53061737729161,-0.931127417043138,1.48670705634335,-1.74192767029682,0.360720009113513,1.52914950639105,-0.017473488723692,0.537117367823428,-0.376686278996081,-1.23663416142598,-1.05589487584551,-0.967398961970676,0.394976756178477,-1.2431664561398,-2.18080245645861,-0.376505820660249,0.875943453680827,-0.582521115665116,0.280328174950152,0.741658847544986,-0.889758275325276,0.339055380247348,0.167242229183253,-0.714330392542305,33.4
"Senegal",-4.7420591279443,1.36503238169001,1.53317968029746,0.184154221740439,0.703178353743582,0.563791386283305,0.128159886921222,-1.85734812314697,-1.6209073263493,0.984092212697783,0.205914711713824,0.917574548852199,0.463826636838084,1.04682494499702,0.511491811732842,-1.22872919116566,-0.485869455286167,-0.595210771389375,-0.842506780594349,0.0597956923493296,-0.451832071374909,1.00466823232193,0.563937952405142,-0.00636139462346367,0.183974575913071,-0.908301360685231,0.335780806808079,-0.783931997503328,19.9
"Serbia",-0.0109384721290436,0.619810685434351,-4.85123874354987,0.067626140387898,0.142771630249612,0.551363983990908,0.164084176463818,-0.678522982277763,0.44596571221788,1.23803222684701,-1.77189263566086,-0.732687253837413,1.50580499602946,0.611896984193863,1.07081289917588,1.69088275893942,0.0934681333255561,-1.14103950637017,-0.878954902344474,-0.787997535071405,0.889219086007539,0.619758172595071,-0.21956295570091,1.14038465762716,0.303821003568314,0.452388173434993,-0.0237912781236066,0.372503025820375,32.3
"Singapore",11.7520471748807,1.68584631323944,1.92438861723659,4.62644263894889,4.1009505086469,2.55502578258513,-0.524860437533347,-0.902214285449541,2.24805608565144,-0.767406804643591,0.623639103647018,-0.456451235033617,3.96492460581337,-0.108689869105876,1.83034345674019,1.28958249986521,0.423234982102077,0.0805173201148101,0.280742087215673,-1.00721165770549,1.22363007191421,-0.0682033338459439,0.0962642518920165,1.31938719288194,0.0030958669383421,0.138521294313829,1.89798958350982,-0.941289145580563,57.3
"Slovakia",1.90053099436588,-1.97672122150611,-4.86775923698722,-0.726430898670022,0.704458712676097,1.81141682377991,-2.06068427977177,1.23952955658469,0.551816150601142,-0.139050651923906,-0.0743256915674836,-0.35165737283178,-0.876916597405683,0.292441739873508,-0.350063103087214,-0.130250974332706,-0.300731147870851,0.480333732590776,-0.672784572378484,0.553404169490192,0.0745204890360689,-0.0220179889783268,0.202722611756924,0.3764034438244,-1.19449892811865,-0.597173344306191,0.902838013374597,-0.287733839329233,34.3
"Slovenia",5.07317324144678,0.45465336037115,-5.00430483283138,-2.48810470713305,-0.89505783126665,1.89156727388858,-0.609975315712089,0.22552014575472,-0.306548379288065,1.08108353376262,-0.368146199412988,0.222763195729602,-0.622734319972885,-0.72321255377896,0.224416969530473,-0.3576077254198,0.526279552282791,0.348025235551063,0.943273730020461,-1.40753887735444,0.344105489975422,0.0164288005141279,0.371875538829818,0.365784087500812,-0.353132327594368,0.602807686399412,-0.64793314069299,-0.25155257523105,40.6
"South Africa",-0.229169761564875,-0.860798216467733,1.1547350353101,1.70858572888675,-1.37249651071644,-0.620752003838567,-0.111201452095162,-0.833814819874202,2.26342182694518,0.144949560807734,0.351397863819694,-0.356382550874938,-0.946855350827635,2.72502146915413,0.856186561275276,-0.595794402531437,0.0675166184214524,0.467166093839797,-0.597701689038431,-0.0125126570675799,1.77063933747301,-0.728072686600864,1.50214387493694,0.708330583176156,-0.391426995897415,0.783511501979111,-0.299661375670577,0.212556012010835,29.8
"Spain",5.71898661645535,-2.73921597304285,-1.92564874122627,-1.714385527357,-0.191830692078507,-2.36041899534248,0.182115159184026,1.00761079845652,0.432255065007632,0.841424323484062,0.0494890318114997,0.058235123573638,-1.12304992345012,-0.980115675405464,-1.17805675745963,0.520023938459356,-1.56503801098599,-0.444382065495567,-1.33446359913436,0.455480068509017,0.704373640416075,1.57786208164125,-0.114303324362294,0.586400472064806,0.531420183834506,-0.472149553628059,0.637242593236848,-0.429866835831097,44.6
"Sri Lanka",-3.12428690808831,-0.442287688955192,-0.00683413524369017,1.30102069829033,0.180708411768076,-0.503571767558745,2.31606184446315,2.75993950426302,-1.45916558238366,-0.95636239595246,-1.25067083519016,2.75611449944578,-0.0909250388094903,0.262212628439195,0.306813723055475,0.487788445451393,0.79333506456081,-1.22893992275481,1.23056610499851,1.36336776736147,-0.0944906806811518,-0.105696089123102,-0.475266562840887,-1.42571294258895,0.751572372734183,-0.645594674660043,0.795868521817199,-0.624159848329598,24.2
"Sweden",13.60777828425,3.28996953831747,1.4341632687813,-2.98704501878277,0.199050559344567,1.20181755668184,0.811303557947488,-0.858989167645109,-0.904574281263157,-1.52805221456773,-0.101447143668294,-0.374590123130642,0.243109594553023,-0.791974335694815,0.42559851488968,-0.328262605488259,1.07303771829677,-0.682645322819492,-1.04088073964454,1.00082649059946,0.675622292361917,-0.929562169252778,1.54329992062538,0.24122233485738,0.280675865318536,0.131653066786145,-0.628164688637658,0.796689583828415,61.6
"Switzerland",13.3438394303699,1.15439193590443,4.40111652505867,0.111670616075759,-0.521662936719006,0.281686007877357,0.246608315965291,1.71580946662059,0.655323243431481,0.874449086887986,-0.733466643120602,1.11401007146172,0.417019662992921,1.15264621154239,1.3902258727031,-0.494602619419755,-1.63191918887424,-0.424525170975816,1.86157015298963,-0.679320173126015,-0.959534476188915,-2.21587286814959,0.469191975692669,0.544061043468936,-1.61247449307632,-0.78791210878021,0.562579348229801,0.975705474589895,64.6
"Tajikistan",-6.196993438045,-0.148637730423684,0.282437690555145,-0.227169740162317,0.451499606515538,-0.0178237770940639,-0.749075078703281,-1.17900636993925,-1.71441731767956,0.203251899162023,1.20970082784814,1.9797621222164,1.78650264249994,0.828771607644591,-0.589875029846084,-0.179897777530427,-1.55827565121842,1.01940567781199,-1.03331177994303,1.49204333941273,0.214682094003774,-0.180078302858424,-0.541263662099464,-0.274176631876087,-0.399041787013049,-0.599663166700185,-0.752972784392586,1.07321347282743,18.8
"Thailand",1.536787787037,-5.95302884493429,-0.628420972156445,1.67309738810241,0.962147864009002,1.18481067693514,-1.21377456515745,0.709600667836472,0.374763668962462,-1.19954482920672,0.521558377546892,-0.190228344623191,-0.413492438319081,0.0989323520949063,0.98986938507204,0.0959640516428213,0.968260508320656,0.311590575306895,-0.333742383195698,0.847695059187402,-0.168392029281451,-0.98032356084573,0.354519469522546,-0.564309874657065,-0.196106417315913,-0.603588923794434,-0.352779263213571,-0.125891768400357,34.9
"Togo",-7.05301518898912,1.43912793566107,0.572029722885862,-2.43779115864076,0.556635233816675,-0.0519915710023976,0.05974489831754,-1.05220099197226,1.7291377310248,0.37698186507301,1.91813716662642,-1.68486598883444,-0.691846361134451,-0.370019742812115,0.605246906659234,-1.76868775605399,0.414467804702428,-1.50922954975043,0.977273491342737,1.49606959136083,-0.216499404311639,0.83046861101021,0.296787357720503,0.666239011226628,-0.0485429879490756,-1.29634904808477,0.513924461599599,-0.511932015863565,15.1
"Trinidad",-4.11048703790039,1.09600812127383,0.30826242178325,0.359019059852117,-1.26826360165801,0.920438028992718,-0.972863714163338,0.844135665818429,0.718851490182581,-0.668400128069789,-0.377300147271617,-1.774419082753,0.450917290066572,1.10512935991808,-1.79843087559319,-0.312445134294558,1.07071589610553,1.40641578941994,1.03022809667644,0.0406144590486999,1.57919819873007,0.745151701996263,0.00609009182598635,0.12098614222681,-0.380222121805039,-0.426429159614465,-0.236454465445264,-1.01439325914296,19.8
"Turkey",1.55958448157083,-4.21464318369457,-0.822709926898392,-0.487987715970971,0.464750017039043,-3.76866079860191,0.51787647321843,-0.692320434889267,-0.410740588656499,-0.555456469570905,-0.365799295788893,1.0986742425339,-1.09018032476244,-0.711910115008024,-0.158719560087912,0.272907364257656,-0.00927534866681337,0.279094635459367,1.25404823615655,0.30052407267127,-0.570905869731231,1.13221146253708,0.287598053886964,-1.18355008602083,0.305791347891297,1.16431778804329,-0.0410443563085049,-0.250724523029931,38.1
"Tunisia",-2.20542958867927,-0.343650721829243,-0.9863437954188,-0.570005481577673,-2.11685151224783,0.466273157988443,-0.596283569612412,-1.01915362368385,1.72236734163013,-0.49427918629168,-1.97562795801431,0.501822650619346,0.939019859888356,1.31850719765926,2.0013713496562,-1.43166756922639,0.344435418999703,0.521007642619251,-1.15146155497636,0.153747090439454,-0.26089556192433,-0.0412691024928193,0.305882502704189,0.548112756712658,0.829494428082803,0.383940154129193,-0.964157985298432,-1.26105333016081,27.9
"Uganda",-6.1330421620373,0.983726817873756,2.11059328363841,-0.753593596480141,0.718871532504308,1.08896302104519,-0.256609745060315,0.466899787965823,-0.922322746544996,0.581729139309447,1.04512108567439,-0.750718111558369,-0.570356224736795,0.62495623249766,0.106591535436099,1.62161555030067,0.00442458185382512,0.851067012490883,0.189635376830746,-1.4645925025046,-0.282131041426398,0.610660367881858,-0.347442852771359,0.687713243609577,-0.916540906879044,0.475649559951395,0.062412027692401,-0.600032994010937,15.7
"Ukraine",-0.436004930501167,-0.767481378939771,-3.06642380461187,-1.25422461905602,-0.604461358021565,-1.28153594949988,0.379511870970176,-1.54143667414537,1.65279847236629,-3.10669834862271,-0.210296620729764,0.799830089279996,1.93416576890832,1.02775027585079,-2.15047924643699,1.7672167398887,-1.7966930440977,0.747370776968139,-0.671709605602892,0.504482199291705,-0.0435032784918384,-0.294295073535356,0.330727326386755,-0.465167992725954,-0.0399884749529088,-0.723647481985847,-0.166811611766297,0.43886349119434,31
"United Arab Emirates",5.62884739006911,-1.51632991787593,1.20419275986834,4.28852744342888,-1.29406054581637,2.36653435877479,0.208383553726826,-0.238996233554902,0.413831383038423,1.09393741165343,0.226616786237301,-2.48236723337137,1.00537351461912,-0.676879911975224,0.143135521456225,0.711158769184377,0.208086561774942,-0.117388322682007,-0.458406086615943,1.73975109224185,-3.63301082457341,0.369593578719936,0.198386469500064,-1.57261064422145,-0.751284426860177,0.00887423068910151,-1.78277967845639,-1.25773334301234,42.1
"UK",12.0894329474486,1.15096541041602,2.73819262861327,-0.128610369507896,1.23307050321505,-2.4900417216467,1.6425572600255,-0.505560049407174,2.02594366779622,2.28398803798186,0.370314935107562,-0.0586165602297291,0.390749431992076,0.800888587177117,0.122870024433518,-1.20657663098873,0.0161584197341872,1.95033317963014,-0.537996062734629,0.832976841654872,-0.301780141913655,-0.0786043280003371,-1.4735846647821,0.534778910843623,-1.86210411652351,0.144940546938016,0.975331353781383,-1.13209527108641,59.7
"Tanzania",-6.21627939224633,0.562210045148836,1.39790635468753,-0.225467890426341,0.780825636376895,0.404499595632565,0.00539717928866236,-0.603590493036257,-2.47757229740369,1.99205347974322,1.0012807907522,1.04465872485645,0.873427460898339,1.21213451194269,0.310177345500779,0.232928497118223,-0.0460371639406142,-0.11750340829442,0.111690140757399,-0.352487597447923,-0.579901213733806,0.989092047383343,0.170389560336134,0.44337477662051,-0.0708164765964422,-0.688149373925804,-0.929452211629804,0.558094869584026,19.4
"USA",12.4648470171786,-2.05234585916585,5.77648348976097,0.947484778853213,0.137691676782986,1.54782520006457,1.06591050726171,-1.87050312317929,1.28032070181138,0.412500355963245,0.780925174695951,0.497223885249125,1.03330101826812,0.177588996209475,-2.44588232024977,0.313630204645198,1.39294825777027,-1.08727049537596,0.670967572671676,0.0140386058823391,0.36761034068513,0.409254334700248,0.433698271834026,1.01930455925521,0.781624510427008,-0.153404758156519,-0.793738188553386,1.4461420116723,61.8
"Uruguay",-0.135101977049174,1.84104950350578,-1.32679803426962,0.726296950505154,-0.635166536998612,-0.272745340458016,2.05549317684639,0.423646196569373,-1.34918602511677,-1.6954251497268,0.938770086906439,-0.547140428414922,-1.64815531769801,-0.656970261765938,0.577545474203154,1.23326467206855,-0.315001919704344,0.269972818024426,-0.989933976307106,-1.64994891316793,0.206781022811528,-0.0588226009317103,0.515799394828279,0.866694831365097,1.53891530243768,-1.46351468848181,1.11770890295032,-0.569718095275558,29.2
"Uzbekistan",-3.40661583501601,-1.31135393785039,-0.349530205727301,1.11500434495491,-0.833028689363408,-0.193887043733842,-1.37000788527917,-1.09430343088824,-2.59621092410195,0.0692960553145877,0.252528808982749,0.496727608978243,2.64602938023538,-0.349880807987646,0.968396795993404,1.18662025966273,0.431849031354275,0.316644921102618,0.0155805534844006,-1.11854498125839,0.0698583197660724,-0.74056470100442,0.259004710392493,-0.817828115590139,-0.525703025921304,1.55990715263785,-0.544832567487003,0.479524156978068,25.3
"Vietnam",0.399287515218183,-4.76134437821829,-0.187386098506603,3.49868999012424,2.5318729931908,2.08121001446036,-0.800095150396733,-0.800576850496829,-1.3745059012349,-0.576129648328915,-0.028140661814976,0.00505715214356159,-1.37616993450806,0.334988179274334,0.047492527191236,-0.407468350510058,0.138772426151584,0.411400888182524,1.05992281946139,-0.906324920057099,0.166557194255841,-1.38019156225707,-0.342244208960951,-0.529855352993484,0.237145669078127,0.833009783002301,-2.06185027951093,-0.325119691304987,34.3
"Yemen",-7.95542482567987,0.42667485218642,1.84868388363525,-1.62861925909125,1.82673528232466,-0.639028104585655,1.85978387060213,2.34570758104757,2.74980391406761,-0.519762530746637,-1.39305312332949,1.51484098179067,-0.510024401418089,-0.0649904304391882,-0.387216252390684,-0.177411493823326,-1.10881081827429,0.168119844070099,1.2340625703237,1.04506017809351,-0.436716921221846,-1.15915694293945,-1.01182503699017,-1.00112525138259,0.134324816744348,1.02087740269007,0.678306424984105,0.79024345597808,13.8
"Zambia",-6.38915369773408,-0.0186290686059859,1.58261328485746,-0.42547528585014,0.584640619521537,0.252439756518095,-0.124375878661899,0.306286695701296,-1.68946821184244,-0.55184517913727,-1.12722714134422,1.00891139966675,-0.457587635314016,-0.744064174025717,0.226041999219978,-0.279565661380119,0.889878551451526,-0.109254371978248,0.286451205726859,1.09315818690074,1.13483640089777,-0.650273076029412,-1.27415732812825,0.394074715383653,-1.01157865458747,0.609352110561989,0.243325146481857,0.162231185634044,15.8
"Zimbabwe",-5.80964875902934,0.128337876584251,0.0751359300505252,-1.23415655295996,-0.601955298756192,0.768361223973446,0.429274778142221,0.104014098901162,2.00239003517854,-0.199683953032297,-0.660804576657237,-0.259408830940735,0.694310309120766,0.420592737125598,0.447578306150226,-0.272360480872665,0.396483042850635,1.32960600610691,-1.24859492012316,1.05427503981531,0.155590962139387,-0.505048611598704,-0.518016836311548,0.165981486833968,0.342874547497999,1.15931502065568,-0.806561106340721,0.306032362255819,18.1
